descripcion,proveedor
LEVETIRACETAM. TABLETA CADA TABLETA CONTIENE: LEVETIRACETAM 500 MG ENVASE CON 60 TABLETAS.,MSN LIFE CARE SA DE CV
LEVONORGESTREL Y ETINILESTRADIOL. GRAGEA CADA GRAGEA CONTIENE: LEVONORGESTREL 0.15 MG ETINILESTRADIOL 0.03 MG ENVASE CON 28 GRAGEAS. (21 CON HORMONALES Y 7 SIN HORMONALES),ALTERNAVIDA SA DE CV
PREGABALINA. CÁPSULA CADA CÁPSULA CONTIENE: PREGABALINA 75 MG ENVASE CON 28 CÁPSULAS,MSN LIFE CARE SA DE CV
VILDAGLIPTINA. COMPRIMIDO CADA COMPRIMIDO CONTIENE: VILDAGLIPTINA 50 MG ENVASE CON 28 COMPRIMIDOS.,BERNA MEDICAMENTOS SA DE CV
CATÉTERES. PARA SUMINISTRO DE OXÍGENO. CON TUBO DE CONEXIÓN Y CÁNULA NASAL. DE PLÁSTICO CON DIÁMETRO INTERNO DE 2.0 MM. LONGITUD 180 CM. PIEZA.,SURTIDORA MEDICA DE OCCIDENTE SA DE CV
CIRCUITOS. DE VENTILACION PARA ANESTESIA DE POLIVINILO CONSTA DE DOS MANGUERASUN FILTRO CONEXION EN Y DE PLASTICO CODO MASCARILLA Y BOLSAS DE 3 Y 5 LTS.EQUIPO.,SURTIDORA MEDICA DE OCCIDENTE SA DE CV
JALEAS. LUBRICANTE. ASÉPTICA. ENVASE CON 135 G.,ILS INTEGRADORA LOGISTICA EN SALUD SA DE CV
CLOPIDOGREL. GRAGEA O TABLETA. CADA GRAGEA O TABLETA CONTIENE: BISULFATO DE CLOPIDOGREL O BISULFATO DE CLOPIDOGREL (POLIMORFO FORMA 2) EQUIVALENTE A 75 MG DE CLOPIDOGREL. ENVASE CON 28 GRAGEAS O TABLETAS,MSN LIFE CARE SA DE CV
ATORVASTATINA. TABLETA CADA TABLETA CONTIENE: ATORVASTATINA CÁLCICA TRIHIDRATADA EQUIVALENTE A 20 MG DE ATORVASTATINA. ENVASE CON 30 TABLETAS.,MSN LIFE CARE SA DE CV
VILDAGLIPTINA. COMPRIMIDO CADA COMPRIMIDO CONTIENE: VILDAGLIPTINA 50 MG ENVASE CON 28 COMPRIMIDOS.,MSN LIFE CARE SA DE CV
"APÓSITOS. TRANSPARENTE, MICROPOROSO, AUTOADHERIBLE, ESTÉRIL Y DESECHABLE. MEDIDAS: 7.0 A 8.5 X 5.08 A 6.0 CM. ENVASE CON 50 PIEZAS.",INSTRUMENTOS Y ACCESORIOS AUTOMATIZADOS SA DE CV
APOSITOS. CON BARRERA ANTIMICROBIANA. ESTERIL Y DESECHABLE. 10 CM X 10 CM A 20CM. ENVASE CON 12 PIEZAS.,INSTRUMENTOS Y ACCESORIOS AUTOMATIZADOS SA DE CV
TELAS ADHESIVAS. DE ACETATO CON ADHESIVO EN UNA DE SUS CARAS. LONGITUD: 10 M. ANCHO: 2.50 CM. PRESENTACIÓN: 12 PIEZAS.,SURTIDORA MEDICA DE OCCIDENTE SA DE CV
JERINGAS. DE PLÁSTICO. CON PIVOTE TIPO LUER LOCK CON AGUJA ESTÉRILES Y DESECHABLES. CAPACIDAD 10 ML ESCALA GRADUADA EN ML DIVISIONES DE 1.0 Y SUBDIVISIONES DE 0.2. CON AGUJA DE: LONGITUD: 32 MM CALIBRE: 21 G. PIEZA.,LABCO SOLUCIONES MEDICAS SA DE CV
OSELTAMIVIR. CÁPSULA CADA CÁPSULA CONTIENE: OSELTAMIVIR 75.0 MG ENVASE CON 10 CÁPSULAS,MSN LIFE CARE SA DE CV
DOBUTAMINA. SOLUCIÓN INYECTABLE. CADA FRASCO ÁMPULA O AMPOLLETA CONTIENE: CLORHIDRATO DE DOBUTAMINA EQUIVALENTE A 250 MG DE DOBUTAMINA. ENVASE CON 5 AMPOLLETAS CON 5 ML CADA UNA.,LABCO SOLUCIONES MEDICAS SA DE CV
PINAVERIO. TABLETA CADA TABLETA CONTIENE: BROMURO DE PINAVERIO 100 MG ENVASE CON 28 TABLETAS.,LABORATORIOS SYDENHAM SA DE CV
FELODIPINO. TABLETA DE LIBERACIÓN PROLONGADA CADA TABLETA CONTIENE: FELODIPINO 5 MG ENVASE CON 10 TABLETAS DE LIBERACIÓN PROLONGADA.,ILS INTEGRADORA LOGISTICA EN SALUD SA DE CV
"SOLUCION PARA DIALISIS PERITONEAL AL 2.5% / CADA 100 ML CONTIENEN: GLUCOSA MONOHIDRATADA 2.5 G. CLORURO DE SODIO 538 MG. CLORURO DE CALCIO DIHIDRATADO 25.7 MG. CLORURO DE MAGNESIO HEXAHIDRATADO 5.08 MG. LACTATO DE SODIO 448 MG. AGUA INYECTABLE C.B.P 100 ML. PH 5.0-5.6. MILIEQUIVALENTES POR LITRO: SODIO 132, CALCIO 3.5, MAGNESIO 0.5, CLORURO 96, LACTATO 40, MILIOSMOLES APROXIMADOS POR LITRO 398. ENVASE CON BOLSA DE 6 000 ML.",HITEC MEDICAL SA DE CV
"SOLUCION PARA DIALISIS PERITONEAL AL 4.25% / CADA 100 ML CONTIENEN: GLUCOSA MONOHIDRATADA 4.25 G. CLORURO DE SODIO 538 MG. CLORURO DE CALCIO DIHIDRATADO 25.7 MG. CLORURO DE MAGNESIO HEXAHIDRATADO 5.08MG. LACTATO DE SODIO 448 MG. AGUA INYECTABLE CBP 100 ML. PH 5.0-5.6. MILIEQUIVALENTES POR LITRO: SODIO 132, CALCIO 3.5, MAGNESIO 0.5, CLORURO 96, LACTATO 40, MILIOSMOLES APROXIMADOS POR LITRO 486. ENVASE CON BOLSA DE 6 000 ML.",HITEC MEDICAL SA DE CV
"SOLUCION / CADA 100 ML CONTIENEN: ICODEXTRINA  7.5000 G. CLORURO DE SODIO 0.5400 G. LACTATO DE SODIO 0.4500 G. CLORURO DE CALCIO DIHIDRATADO  0.0257 G. CLORURO DE MAGNESIO. HEXAHIDRATADO  0.0051 G. ENVASE CON BOLSA CON 2 000 ML Y CON SISTEMA INTEGRADO DE TUBERÍA EN “Y” Y EN EL OTRO EXTREMO, BOLSA DE DRENAJE DE 2 LITROS.",HITEC MEDICAL SA DE CV
LEVETIRACETAM. TABLETA CADA TABLETA CONTIENE: LEVETIRACETAM 500 MG ENVASE CON 60 TABLETAS.,BERNA MEDICAMENTOS SA DE CV
LEVETIRACETAM. TABLETA CADA TABLETA CONTIENE: LEVETIRACETAM 1 000 MG ENVASE CON 30 TABLETAS.,BERNA MEDICAMENTOS SA DE CV
COMPLEJO B. TABLETA COMPRIMIDO O CÁPSULA. CADA TABLETA COMPRIMIDO O CÁPSULA CONTIENE: MONONITRATO O CLORHIDRATO DE TIAMINA 100 MG. CLORHIDRATO DE PIRIDOXINA 5 MG. CIANOCOBALAMINA 50 ΜG ENVASE CON 30 TABLETAS COMPRIMIDOS O CÁPSULAS.,LABORATORIOS SYDENHAM SA DE CV
SUPOSITORIO / CADA SUPOSITORIO CONTIENE: INDOMETACINA 100 MG / ENVASE CON 6 SUPOSITORIOS.,ILS INTEGRADORA LOGISTICA EN SALUD SA DE CV
CLOPIDOGREL. GRAGEA O TABLETA. CADA GRAGEA O TABLETA CONTIENE: BISULFATO DE CLOPIDOGREL O BISULFATO DE CLOPIDOGREL (POLIMORFO FORMA 2) EQUIVALENTE A 75 MG DE CLOPIDOGREL. ENVASE CON 28 GRAGEAS O TABLETAS,BERNA MEDICAMENTOS SA DE CV
PRASUGREL. TABLETA CADA TABLETA CONTIENE: CLORHIDRATO DE PRASUGREL EQUIVALENTE A 5 MG DE PRASUGREL ENVASE CON 28 TABLETAS.,ALTERNAVIDA SA DE CV
EPLERENONA. CÁPSULA O TABLETA CADA CÁPSULA O TABLETA CONTIENE: EPLERENONA 25.0 MG. ENVASE CON 30 CÁPSULAS O TABLETAS.,MSN LIFE CARE SA DE CV
ADHESIVO PARA PIEL A BASE DE 2-OCTIL O N-BUTIL CIANOACRILATO DE ALTA VISCOSIDAD EN ENVASE SIN APLICADOR. CONTENIENDO: 0.50 A 0.75 ML. ESTÉRIL. PIEZA.,SURTIDORA MEDICA DE OCCIDENTE SA DE CV
AGUJAS. PARA BIOPSIA DESECHABLES. TIPO: TRUCUT. LONGITUD: 15.20 CM. CALIBRE: 14 G. PIEZA.,AGYPROM SA DE CV
ANTISÉPTICO. SOLUCIÓN ANTISÉPTICA DE AMPLIO ESPECTRO; ELECTROLIZADA DE SUPEROXIDACIÓN CON PH NEUTRO CON EFECTO BACTERICIDA INDICADO COMO AUXILIAR EN EL LAVADO Y TRATAMIENTO DE INFECCIONES EN TODO TIPO DE LESIONES EN PIEL Y TEJIDOS E IRRIGACIÓN QUIRÚRGICA. SOLUCIÓN AL 0.002% DE ESPECIES ACTIVAS DE CLORO Y OXÍGENO. ENVASE CON 3 L.,ESTERIPHARMA SA DE CV
ANTISÉPTICO. SOLUCIÓN ANTISÉPTICA DE AMPLIO ESPECTRO; ELECTROLIZADA DE SUPEROXIDACIÓN CON PH NEUTRO CON EFECTO BACTERICIDA INDICADO COMO AUXILIAR EN EL LAVADO Y TRATAMIENTO DE INFECCIONES EN TODO TIPO DE LESIONES EN PIEL Y TEJIDOS E IRRIGACIÓN QUIRÚRGICA. SOLUCIÓN AL 0.002% DE ESPECIES ACTIVAS DE CLORO Y OXÍGENO. BOLSA DE LAMINACIÓN CON 500 ML.,ESTERIPHARMA SA DE CV
"APÓSITOS. TRANSPARENTE, MICROPOROSO, AUTOADHERIBLE, ESTÉRIL Y DESECHABLE. MEDIDAS: 7.0 A 8.5 X 5.08 A 6.0 CM. ENVASE CON 50 PIEZAS.",PUERTA DEL SOL CAPITAL SA DE CV
APÓSITOS. ABSORBENTES A BASE DE ALGINATO DE CALCIO Y SODIO DE ORIGEN NATURAL. ESTÉRIL. TAMAÑO: DE 9.0 CM ± 2.0 CM X 10.0 CM ± 2.0 CM. PIEZA.,PUERTA DEL SOL CAPITAL SA DE CV
APÓSITOS. ABSORBENTES A BASE DE ALGINATO DE CALCIO Y SODIO DE ORIGEN,PUERTA DEL SOL CAPITAL SA DE CV
"APÓSITOS. TRANSPARENTE ESTÉRIL DE POLIURETANO CON ADHESIVO HIPOALERGÉNICO LIBRE DE LÁTEX CON TECNOLOGÍA DE CONFORT; EL FILM INTEGRA UNA ALMOHADILLA DE GEL TRANSPARENTE Y ABSORBENTE IMPREGNADA CON GLUCONATO DE CLORHEXIDINA AL 2%, CON BORDES REFORZADOS DE TELA SUAVE NO TEJIDA, MARCO DE APLICACIÓN, DOS CINTAS ESTÉRILES Y UNA ETIQUETA DE REGISTRO. MEDIDAS: ALMOHADILLA. 7 X 8.5 CM. 2 X 2 CM. CAJA CON 25 PIEZAS.",PUERTA DEL SOL CAPITAL SA DE CV
"APÓSITOS. TRANSPARENTE ESTÉRIL DE POLIURETANO CON ADHESIVO HIPOALERGÉNICO LIBRE DE LÁTEX CON TECNOLOGÍA DE CONFORT; EL FILM INTEGRA UNA ALMOHADILLA DE GEL TRANSPARENTE Y ABSORBENTE IMPREGNADA CON GLUCONATO DE CLORHEXIDINA AL 2%, CON BORDES REFORZADOS DE TELA SUAVE NO TEJIDA, MARCO DE APLICACIÓN, DOS CINTAS ESTÉRILES Y UNA ETIQUETA DE REGISTRO. MEDIDAS: ALMOHADILLA. 8.5 X 11.5 CM. 3 X 4 CM. CAJA CON 25 PIEZAS.",PUERTA DEL SOL CAPITAL SA DE CV
"APÓSITOS. TRANSPARENTE ESTÉRIL DE POLIURETANO CON ADHESIVO HIPOALERGÉNICO LIBRE DE LÁTEX CON TECNOLOGÍA DE CONFORT; EL FILM INTEGRA UNA ALMOHADILLA DE GEL TRANSPARENTE Y ABSORBENTE IMPREGNADA CON GLUCONATO DE CLORHEXIDINA AL 2%, CON BORDES REFORZADOS DE TELA SUAVE NO TEJIDA, MARCO DE APLICACIÓN, DOS CINTAS ESTÉRILES Y UNA ETIQUETA DE REGISTRO. MEDIDAS: ALMOHADILLA. 10 X 12 CM. 3 X 4 CM. CAJA CON 25 PIEZAS.",PUERTA DEL SOL CAPITAL SA DE CV
"APÓSITOS. TRANSPARENTE ESTÉRIL DE POLIURETANO CON ADHESIVO HIPOALERGÉNICO LIBRE DE LÁTEX CON TECNOLOGÍA DE CONFORT; EL FILM INTEGRA UNA ALMOHADILLA DE GEL TRANSPARENTE Y ABSORBENTE IMPREGNADA CON GLUCONATO DE CLORHEXIDINA AL 2%, CON BORDES REFORZADOS DE TELA SUAVE NO TEJIDA, MARCO DE APLICACIÓN, DOS CINTAS ESTÉRILES Y UNA ETIQUETA DE REGISTRO. MEDIDAS: ALMOHADILLA.10 X 15.5 CM. 3 X 7 CM. CAJA CON 25 PIEZAS.",PUERTA DEL SOL CAPITAL SA DE CV
BOLSAS. BOLSA DE PAPEL GRADO MÉDICO. PARA ESTERILIZAR CON GAS O VAPOR. CON O SIN TRATAMIENTO ANTIBACTERIANO; CON REACTIVO QUÍMICO IMPRESO Y SISTEMA DE APERTURA. MEDIDAS: 7.5 X 23.0 X 4.0 CM. ENVASE CON 1000 PIEZAS.,PUERTA DEL SOL CAPITAL SA DE CV
BOLSAS. BOLSA DE PAPEL GRADO MÉDICO. PARA ESTERILIZAR CON GAS O VAPOR. CON O SIN TRATAMIENTO ANTIBACTERIANO; CON REACTIVO QUÍMICO IMPRESO Y SISTEMA DE APERTURA. MEDIDAS: 25 X 38 X 8 CM. ENVASE CON 250 A 500 PIEZAS.,PUERTA DEL SOL CAPITAL SA DE CV
BOLSA DE PAPEL GRADO MÉDICO PARA GAS O VAPOR 32.0 X 62.0 X 12.0 CM ENVASE CON 250 PIEZAS,PUERTA DEL SOL CAPITAL SA DE CV
BOLSAS. BOLSA DE PAPEL GRADO MÉDICO. PARA ESTERILIZAR CON GAS O VAPOR. CON O SIN TRATAMIENTO ANTIBACTERIANO. CON REACTIVO QUÍMICO IMPRESO Y SISTEMA DE APERTURA. MEDIDAS: 18.0 X 33.0 X 6.0 CM. ENVASE CON 1000 PIEZAS.,PUERTA DEL SOL CAPITAL SA DE CV
TUBOS. ENDOTRAQUEALES SIN GLOBO. DE CLORURO DE POLIVINILO TRANSPARENTE GRADUADOS CON MARCA RADIOPACA ESTÉRILES Y DESECHABLES. DIÁMETRO INTERNO: 3.5 MM CALIBRE: 14 FR. PIEZA,SURTIDORA MEDICA DE OCCIDENTE SA DE CV
TUBOS. ENDOTRAQUEALES SIN GLOBO. DE CLORURO DE POLIVINILO TRANSPARENTE GRADUADOS CON MARCA RADIOPACA ESTÉRILES Y DESECHABLES. DIÁMETRO INTERNO: 4.0 MM CALIBRE: 16 FR. PIEZA,SURTIDORA MEDICA DE OCCIDENTE SA DE CV
CÁNULAS OROFARÍNGEAS. DE PLÁSTICO TRANSPARENTE O TRANSLUCIDO. TIPO: GUEDEL/BERMAN. TAMAÑO: 2 LONGITUD: 70 MM. PIEZA,SURTIDORA MEDICA DE OCCIDENTE SA DE CV
CÁNULAS OROFARÍNGEAS. DE PLÁSTICO TRANSPARENTE O TRANSLUCIDO. TIPO: GUEDEL/BERMAN. TAMAÑO: 4 LONGITUD: 90 MM. PIEZA,SURTIDORA MEDICA DE OCCIDENTE SA DE CV
CATÉTERES. PARA SUMINISTRO DE OXÍGENO. CON TUBO DE CONEXIÓN Y CÁNULA NASAL. DE PLÁSTICO CON DIÁMETRO INTERNO DE 2.0 MM. LONGITUD 180 CM. PIEZA.,LABCO SOLUCIONES MEDICAS SA DE CV
TUBOS. ENDOTRAQUEALES. DE PLÁSTICO GRADO MÉDICO CON MARCA RADIOPACA ESTÉRILES DESECHABLES CON GLOBO DE ALTO VOLUMEN Y BAJA PRESIÓN INCLUYE UNA VÁLVULA UN CONECTOR Y UNA ESCALA EN MM PARA DETERMINAR LA PROFUNDIDAD DE LA COLOCACIÓN DEL TUBO. CON ORIFICIO. TIPO: MURPHY. EMPAQUE INDIVIDUAL. DIÁMETRO INTERNO: 5.5 MM CALIBRE: 22 FR. PIEZA.,SURTIDORA MEDICA DE OCCIDENTE SA DE CV
SONDAS. GASTROINTESTINALES DESECHABLES Y CON MARCA RADIOPACA. TIPO: LEVIN. CALIBRE: 12 FR. PIEZA.,AGYPROM SA DE CV
SONDAS. GASTROINTESTINALES DESECHABLES Y CON MARCA RADIOPACA. TIPO: LEVIN. CALIBRE: 18 FR. PIEZA.,AGYPROM SA DE CV
SONDAS. GASTROINTESTINALES DESECHABLES Y CON MARCA RADIOPACA. TIPO: LEVIN. CALIBRE: 14 FR. PIEZA.,AGYPROM SA DE CV
SONDAS. GASTROINTESTINALES DESECHABLES Y CON MARCA RADIOPACA. TIPO: LEVIN. CALIBRE: 16 FR. PIEZA.,AGYPROM SA DE CV
CEPILLOS. DENTAL PARA ADULTO CON MANGO DE PLÁSTICO Y CERDAS RECTAS DE NYLON 6.12 100% VIRGEN O POLIÉSTER P.B.T. 100% VIRGEN DE PUNTAS REDONDEADAS EN 4 HILERAS CABEZA CORTA CONSISTENCIA MEDIANA. PIEZA.,LABCO SOLUCIONES MEDICAS SA DE CV
CEPILLOS. PARA USO QUIRURGICO. DE PLASTICO DE FORMA RECTANGULAR CON DOSAGARRADERAS LATERALES SIMETRICAS Y CERDAS DE NYLON. PIEZA.,AGYPROM SA DE CV
"CONTENEDORES. DESECHABLES DE PUNZO-CORTANTES, DE POLIPROPILENO, ESTERILIZABLE,INCINERABLE Y NO TOXICO, RESISTENTE A LA PERFORACION, AL IMPACTO Y A LA PERDIDADEL CONTENIDO AL CAERSE, CON O SIN SEPARADOR DE AGUJAS Y ABERTURA PARA ELDEPOSITO DE OTROS PUNZO-CORTANTES, CON TAPAS DE SEGURIDAD PARA LAS ABERTURAS, DECOLOR ROJO, ETIQUETADO CON LA LEYENDA “PELIGRO RESIDUOS PUNZOCORTANTESBIOLOGICO-INFECCIOSOS” Y MARCADO CON EL SIMBOLO UNIVERSAL DE RIESGO BIOLOGICO.DEBE CONTAR CON CERTIFICADO ANALITICO CUYAS ESPECIFICACIONES TECNICAS DEBENCUMPLIR CON LA NOM-087-SEMARNAT-SSA1 VIGENTE. CAPACIDAD: 11.30 A 13.25 LTS.PIEZA.",HITEC MEDICAL SA DE CV
COMPRESAS. PARA VIENTRE. DE ALGODÓN CON TRAMA RADIOPACA. LONGITUD: 70 CM. ANCHO: 45 CM. ENVASE CON 6 PIEZAS.,PUERTA DEL SOL CAPITAL SA DE CV
CONECTORES. DE UNA VÍA. DE PLÁSTICO DESECHABLES. TIPO: SIMS. DELGADO. PIEZA.,AGYPROM SA DE CV
CONECTORES. DE UNA VÍA. DE PLÁSTICO DESECHABLES. TIPO: SIMS. GRUESO. PIEZA.,AGYPROM SA DE CV
"SISTEMAS. SISTEMA DE SUCCIÓN CERRADO PARA PACIENTE CON TUBO ENDOTRAQUEAL CONECTADO A VENTILADOR 10 FR CONTIENE: UN TUBO DE SUCCIÓN DE CLORURO DE POLIVINILO, CON MARCAS DE PROFUNDIDAD CADA 1 O 2 CM EMPEZANDO POR LO MENOS A PARTIR DE LOS 20 CM HASTA POR LO MENOS 40 CM Y UNA MARCA TOPE. DOS A CUATRO ORIFICIOS LATERALES EN LA PUNTA PROXIMAL DEL TUBO ENVUELTO EN UNA CAMISA DE POLIETILENO TRANSPARENTE ENSAMBLADA A UNA PIEZA EN FORMA DE ""T"" O ""L"" TRANSPARENTE CON PUERTO PARA IRRIGACIÓN CON CONEXIONES LATERALES CÓNICAS CON ENTRADA MACHO DE 15 A 16 MM DE DIÁMETRO EXTERNO Y UNA CONEXIÓN CÓNICA CON ENTRADA HEMBRA DE 15 MM DE DIÁMETRO INTERNO EN LA PARTE CENTRAL EN SU EXTREMO DISTAL SE ENCUENTRA ENSAMBLADA LA VÁLVULA PARA CONTROLAR LA SUCCIÓN CON CONEXIÓN ESTRIADA UNIVERSAL. INCLUYE ETIQUETA DE IDENTIFICACIÓN PARA CONTROL. ESTÉRIL Y DESECHABLE. PIEZA.",SURTIDORA MEDICA DE OCCIDENTE SA DE CV
"SISTEMAS. SISTEMA DE SUCCIÓN CERRADO PARA PACIENTE CON TUBO ENDOTRAQUEAL CONECTADO A VENTILADOR 12 FR CONTIENE: UN TUBO DE SUCCIÓN DE CLORURO DE POLIVINILO, CON MARCAS DE PROFUNDIDAD CADA 1 O 2 CM EMPEZANDO POR LO MENOS A PARTIR DE LOS 20 CM HASTA POR LO MENOS 40 CM Y UNA MARCA TOPE. DOS A CUATRO ORIFICIOS LATERALES EN LA PUNTA PROXIMAL DEL TUBO ENVUELTO EN UNA CAMISA DE POLIETILENO TRANSPARENTE ENSAMBLADA A UNA PIEZA EN FORMA DE ""T"" O ""L"" TRANSPARENTE CON PUERTO PARA IRRIGACIÓN CON CONEXIONES LATERALES CÓNICAS CON ENTRADA MACHO DE 15 A 16 MM DE DIÁMETRO EXTERNO Y UNA CONEXIÓN CÓNICA CON ENTRADA HEMBRA DE 15 MM DE DIÁMETRO INTERNO EN LA PARTE CENTRAL EN SU EXTREMO DISTAL SE ENCUENTRA ENSAMBLADA LA VÁLVULA PARA CONTROLAR LA SUCCIÓN CON CONEXIÓN ESTRIADA UNIVERSAL. INCLUYE ETIQUETA DE IDENTIFICACIÓN PARA CONTROL. ESTÉRIL Y DESECHABLE. PIEZA.",SURTIDORA MEDICA DE OCCIDENTE SA DE CV
"SISTEMAS. SISTEMA DE SUCCIÓN CERRADO PARA PACIENTE CON TUBO ENDOTRAQUEAL CONECTADO A VENTILADOR 14 FR CONTIENE: UN TUBO DE SUCCIÓN DE CLORURO DE POLIVINILO, CON MARCAS DE PROFUNDIDAD CADA 1 O 2 CM EMPEZANDO POR LO MENOS A PARTIR DE LOS 20 CM HASTA POR LO MENOS 40 CM Y UNA MARCA TOPE. DOS A CUATRO ORIFICIOS LATERALES EN LA PUNTA PROXIMAL DEL TUBO ENVUELTO EN UNA CAMISA DE POLIETILENO TRANSPARENTE ENSAMBLADA A UNA PIEZA EN FORMA DE ""T"" O ""L"" TRANSPARENTE CON PUERTO PARA IRRIGACIÓN CON UNA O DOS CONEXIONES LATERALES CÓNICAS CON ENTRADA MACHO DE 15 A 16 MM DE DIÁMETRO EXTERNO Y UNA CONEXIÓN CÓNICA CON ENTRADA HEMBRA DE 15 MM DE DIÁMETRO INTERNO EN LA PARTE CENTRAL EN SU EXTREMO DISTAL SE ENCUENTRA ENSAMBLADA LA VÁLVULA PARA CONTROLAR LA SUCCIÓN CON CONEXIÓN ESTRIADA UNIVERSAL. INCLUYE ETIQUETA DE IDENTIFICACIÓN PARA CONTROL. ESTÉRIL Y DESECHABLE. PIEZA.",SURTIDORA MEDICA DE OCCIDENTE SA DE CV
"SISTEMAS. SISTEMA DE SUCCIÓN CERRADO PARA PACIENTE CON TUBO ENDOTRAQUEAL CONECTADO A VENTILADOR 16 FR CONTIENE: UN TUBO DE SUCCIÓN DE CLORURO DE POLIVINILO, CON MARCAS DE PROFUNDIDAD CADA 1 O 2 CM EMPEZANDO POR LO MENOS A PARTIR DE LOS 20 CM HASTA POR LO MENOS 40 CM Y UNA MARCA TOPE. DOS A CUATRO ORIFICIOS LATERALES EN LA PUNTA PROXIMAL DEL TUBO ENVUELTO EN UNA CAMISA DE POLIETILENO TRANSPARENTE ENSAMBLADA A UNA PIEZA EN FORMA DE ""T"" O ""L"" TRANSPARENTE CON PUERTO PARA IRRIGACIÓN CON UNA O DOS CONEXIONES LATERALES CÓNICAS CON ENTRADA MACHO DE 15 A 16 MM DE DIÁMETRO EXTERNO Y UNA CONEXIÓN CÓNICA CON ENTRADA HEMBRA DE 15 MM DE DIÁMETRO INTERNO EN LA PARTE CENTRAL EN SU EXTREMO DISTAL SE ENCUENTRA ENSAMBLADA LA VÁLVULA PARA CONTROLAR LA SUCCIÓN CON CONEXIÓN ESTRIADA UNIVERSAL. INCLUYE ETIQUETA DE IDENTIFICACIÓN PARA CONTROL. ESTÉRIL Y DESECHABLE. PIEZA.",SURTIDORA MEDICA DE OCCIDENTE SA DE CV
GASAS. SECA CORTADA DE ALGODÓN 100%. TEJIDA. DOBLADA EN 12 CAPAS. NO ESTÉRIL. TIPO DE TEJIDO VII. DE 20 X 12 TÍTULO DE HILO DE 28 A 32 M/G TANTO EN URDIMBRE COMO EN TRAMA. PESO MÍNIMO POR M2 19G/ M2 LARGO: 7.5 CM. ANCHO: 5 CM. ÁREA: 432 CM2. ENVASE CON 200.,PUERTA DEL SOL CAPITAL SA DE CV
GASAS. SECA CORTADA DE ALGODÓN CON MARCA RADIOPACA. LARGO: 10 CM. ANCHO: 10 CM. ENVASE CON 200 PIEZAS.,PUERTA DEL SOL CAPITAL SA DE CV
HEMOSTÁTICOS. ESPONJA HEMOSTÁTICA DE GELATINA O COLÁGENO DE: 50 A 100 X 70 A 125 MM. ENVASE CON UNA PIEZA.,INSTRUMENTOS Y ACCESORIOS AUTOMATIZADOS SA DE CV
MASCARILLAS. DESECHABLE PARA ADMINISTRACIÓN DE OXÍGENO CON TUBO DE CONEXIÓN DE 180 CM Y ADAPTADOR. PIEZA.,SURTIDORA MEDICA DE OCCIDENTE SA DE CV
MEDIAS ANTIEMBÓLICAS ELÁSTICAS DE COMPRESIÓN MEDIANA PARA MIEMBROS INFERIORES HASTA EL MUSLO. TALLAS: CHICA LARGA. ENVASE CON UN PAR.,HITEC MEDICAL SA DE CV
MEDIAS ANTIEMBÓLICAS ELÁSTICAS DE COMPRESIÓN MEDIANA PARA MIEMBROS INFERIORES HASTA EL MUSLO. TALLAS: MEDIANA LARGA. ENVASE CON UN PAR.,HITEC MEDICAL SA DE CV
MEDIAS ANTIEMBÓLICAS ELÁSTICAS DE COMPRESIÓN MEDIANA PARA MIEMBROS INFERIORES HASTA EL MUSLO. TALLAS: GRANDE LARGA. ENVASE CON UN PAR.,HITEC MEDICAL SA DE CV
"MEDIAS ANTIEMBÓLICAS. MEDIAS ANTIEMBÓLICAS ELÁSTICAS DE COMPRESIÓN MEDIANA Y/O COMPRESIÓN GRADUADA, PARA MIEMBROS INFERIORES, HASTA LA RODILLA. TALLA EXTRA GRANDE.",HITEC MEDICAL SA DE CV
SISTEMAS. SISTEMA PARA ADMINISTRACION DE PRESION POSITIVA CONTINUA POR VIANASAL. CONTIENE: - UNA CANULA NASAL. - DOS CODOS PARA CONEXION. - UN PUERTO PARAMONITORIZACION. - DOS TUBOS DE FLUJO SUAVE DE 180 CM DE LONGITUD. - UNA LINEAPARA MONITORIZACION DE LA PRESION. - UN GORRO. - UNA CINTA DE VELCRO. ESTERIL YDESECHABLE. TAMAÑO: ADULTO. PIEZA.,HITEC MEDICAL SA DE CV
"SUJETADOR PARA CÁNULA. EL SUJETADOR DE CÁNULA CON GUÍA PARA SONDA GÁSTRICA. ESTÁ CONFORMADO POR UN CUERPO PRINCIPAL O MASCARILLA; MEDIOS DE SUJECIÓN TIPO HEMBRA-MACHO ENSAMBLADOS A DICHO CUERPO PRINCIPAL, LOS CUALES SOSTIENEN EN FORMA GRADUADA UNA CÁNULA ENDOTRAQUEAL, UN SUSTRATO DE APOYO QUE SE ENCUENTRA FIJO A LA SUPERFICIE POSTERIOR DEL CUERPO PRINCIPAL O MASCARILLA Y UNA CINTILLA, LA CUAL SE EXTIENDE ALREDEDOR Y POR DETRÁS DE LA CABEZA DE UN PACIENTE O USUARIO PARA MANTENER FIJO EL DISPOSITIVO SUJETADOR DE CÁNULA CON GUÍA PARA SONDA GÁSTRICA. ADEMÁS DE SER UTILIZADO PARA SUJETAR UNA CÁNULA ENDOTRAQUEAL, EL SUJETADOR PUEDE SER UTILIZADO PARA SUJETAR CUALQUIER OTRO DISPOSITIVO MÉDICO ÚTIL EN EL MANEJO DE LA VÍA AÉREA ORAL, COMO PUEDE SER UNA MASCARILLA LARÍNGEA. CONTIENE: UNA PIEZA HEMBRA DENTADA PARA RECIBIR UNA PIEZA MACHO DENTADA. UNA PIEZA MACHO DENTADA PARA SOSTENER LA CÁNULA MEDIANTE UN AJUSTE GRADUADO A LA PIEZA HEMBRA. UNA BANDA PARA SOSTENER ALREDEDOR DE LA CABEZA DEL PACIENTE EL SUJETADOR DE CÁNULA. PRESENTACIÓN -SUJETADOR DE CÁNULA CON GUÍA PARA SONDA GÁSTRICA, PRESENTACIÓN INDIVIDUAL, DESECHABLE, ATÓXICA, LIBRE DE PIRÓGENOS Y ESTÉRIL.",HITEC MEDICAL SA DE CV
SUTURAS. SINTÉTICAS NO ABSORBIBLES MONOFILAMENTO DE POLIPROPILENO CON AGUJA. LONGITUD DE LA HEBRA: 45 CM CALIBRE DE LA SUTURA: 6-0 CARACTERÍSTICAS DE LA AGUJA: 3/8 DE CÍRCULO REVERSO CORTANTE (11-13 MM). ENVASE CON 12 PIEZAS,IMPULSORA DE MATERIAL HOSPITALARIO SA DE CV
SUTURAS. SINTÉTICAS NO ABSORBIBLES MONOFILAMENTO DE POLIPROPILENO CON AGUJA. LONGITUD DE LA HEBRA: 90 CM CALIBRE DE LA SUTURA: 4-0 CARACTERÍSTICAS DE LA AGUJA: 1/2 CÍRCULO DOBLE ARMADO AHUSADA (15-17 MM). ENVASE CON 12 PIEZAS.,SURTIDORA MEDICA DE OCCIDENTE SA DE CV
SUTURAS. CATGUT CRÓMICO CON AGUJA. LONGITUD DE LA HEBRA: 30 CM CALIBRE DE LA SUTURA: 4-0 CARACTERÍSTICAS DE LA AGUJA: 1/2 CÍRCULO DOBLE ARMADO REVERSO CORTANTE (12-13 MM). ENVASE CON 12 PIEZAS.,IMPULSORA DE MATERIAL HOSPITALARIO SA DE CV
SUTURAS. SEDA NEGRA TRENZADA CON AGUJA. LONGITUD DE LA HEBRA: 75 CM CALIBRE DE LA SUTURA: 2-0 CARACTERÍSTICAS DE LA AGUJA: 1/2 CÍRCULO AHUSADA (25-26 MM). ENVASE CON 12 PIEZAS.,SURTIDORA MEDICA DE OCCIDENTE SA DE CV
SUTURAS. SEDA NEGRA TRENZADA SIN AGUJA. LONGITUD DE LA HEBRA: 75 CM CALIBRE DE LA SUTURA: 2-0 SOBRE CON 7 A 12 HEBRAS. ENVASE CON 12 SOBRES.,IMPULSORA DE MATERIAL HOSPITALARIO SA DE CV
SUTURAS. SEDA NEGRA TRENZADA SIN AGUJA. LONGITUD DE LA HEBRA: 75 CM CALIBRE DE LA SUTURA: 0 SOBRE CON 7 A 12 HEBRAS. ENVASE CON 12 SOBRES.,IMPULSORA DE MATERIAL HOSPITALARIO SA DE CV
SUTURAS. SINTÉTICAS ABSORBIBLES POLÍMERO DE ÁCIDO GLICÓLICO TRENZADO CON AGUJA. LONGITUD DE LA HEBRA: 67 CM CALIBRE DE LA SUTURA: 4-0 CARACTERÍSTICAS DE LA AGUJA: 3/8 DE CÍRCULO REVERSO CORTANTE (19-19.5 MM).ENVASE CON 12 PIEZAS.,SURTIDORA MEDICA DE OCCIDENTE SA DE CV
SUTURAS. SINTÉTICAS NO ABSORBIBLES MONOFILAMENTO DE POLIPROPILENO CON AGUJA. LONGITUD DE LA HEBRA: 75 CM CALIBRE DE LA SUTURA: 4-0 CARACTERÍSTICAS DE LA AGUJA: RECTA CORTANTE (60 MM). ENVASE CON 12 PIEZAS.,IMPULSORA DE MATERIAL HOSPITALARIO SA DE CV
VENDAS. DE MALLA ELÁSTICA. FORMA TUBULAR. LONGITUD: NÚMERO: 100 M. 3. ENVASE CON 100 M.,HITEC MEDICAL SA DE CV
VENDAS. DE MALLA ELÁSTICA. FORMA TUBULAR. LONGITUD: NÚMERO: 100 M. 6. ENVASE CON 100 M.,HITEC MEDICAL SA DE CV
GUATAS. TUBULAR DE ALGODÓN ESTOQUINETE Y DIMENSIONES INTERMEDIAS ENTRE LAS ESPECIFICADAS. LONGITUD : 22.81 M ANCHO: 15.0 CM. ROLLO.,HITEC MEDICAL SA DE CV
"AGUJA PARA RAQUIANESTESIA O BLOQUEO SUBARACNOIDEO. DE ACERO INOXIDABLE, PUNTATIPO LAPIZ, CONECTOR ROSCADO LUER LOCK HEMBRA TRANSLUCIDO Y MANDRIL CON BOTONINDICADOR; SIN DEPOSITO DE 0.2 ML EN PABELLON PARA LIQUIDO CEFALORRAQUIDEO.ESTERIL Y DESECHABLE. TIPO: WHITACRE. LONGITUD: 11.6 A 11.9 CM. CALIBRE: 25 O 27G. PIEZA.",AGYPROM SA DE CV
HOJA PARA BISTURÍ. DE ACERO INOXIDABLE. EMPAQUE INDIVIDUAL. ESTÉRILES Y DESECHABLES. PIEZA. 10 ENVASE CON 100 PIEZAS.,INSTRUMENTOS Y ACCESORIOS AUTOMATIZADOS SA DE CV
HOJA PARA BISTURÍ. DE ACERO INOXIDABLE. EMPAQUE INDIVIDUAL. ESTÉRILES Y DESECHABLES. PIEZA. 15 ENVASE CON 100 PIEZAS.,INSTRUMENTOS Y ACCESORIOS AUTOMATIZADOS SA DE CV
MASCARILLAS. DESECHABLE PARA ADMINISTRACIÓN DE OXÍGENO CON TUBO DE CONEXIÓN DE 180 CM Y ADAPTADOR. PIEZA.,INSTRUMENTOS Y ACCESORIOS AUTOMATIZADOS SA DE CV
SUTURAS. SINTÉTICAS NO ABSORBIBLES MONOFILAMENTO DE NYLON CON AGUJA. LONGITUD DE LA HEBRA: 45 CM CALIBRE DE LA SUTURA: 4-0 CARACTERÍSTICAS DE LA AGUJA: 3/8 DE CÍRCULO REVERSO CORTANTE (12-13 MM) ENVASE CON 12 PIEZAS.,IMPULSORA DE MATERIAL HOSPITALARIO SA DE CV
MASCARILLAS. DESECHABLE PARA ADMINISTRACIÓN DE OXÍGENO CON TUBO DE CONEXIÓN DE 180 CM Y ADAPTADOR. PIEZA.,LABCO SOLUCIONES MEDICAS SA DE CV
TELAS ADHESIVAS. DE ACETATO CON ADHESIVO EN UNA DE SUS CARAS. LONGITUD: 10 M. ANCHO: 1.25 CM. PRESENTACIÓN: 24 PIEZAS.,SURTIDORA MEDICA DE OCCIDENTE SA DE CV
TELAS ADHESIVAS. DE ACETATO CON ADHESIVO EN UNA DE SUS CARAS. LONGITUD: 10 M. ANCHO: 5.00 CM. PRESENTACIÓN: 6 PIEZAS.,SURTIDORA MEDICA DE OCCIDENTE SA DE CV
VENDAS. DE GOMA (SMARCH). DE HULE NATURAL GRADO MÉDICO. LONGITUD: 2.7 M ANCHO: 8 CM. PIEZA.,SURTIDORA MEDICA DE OCCIDENTE SA DE CV
"TUBOS. DE ENSAYE; VIDRIO REFRACTARIO SIN LABIO, EN DIMENSIONES DE: 13 X 100 MM.PIEZA.",ABASTECEDORA HIGIENICA DE SONORA SA DE CV
"TUBOS. DE ENSAYE; VIDRIO REFRACTARIO SIN LABIO, EN DIMENSIONES DE: 12 X 75 MM.PIEZA.",ABASTECEDORA HIGIENICA DE SONORA SA DE CV
"DETERGENTES PARA LAVADO DE MATERIAL DE VIDRIO, PLÁSTICO Y PORCELANA CON ELIMINACIÓN COMPLETA DE TRAZAS Y RESIDUOS BIODEGRADABLE NEUTRO. ENVASE CON 4 LITROS.",ABASTECEDORA HIGIENICA DE SONORA SA DE CV
CUBREOBJETOS DE VIDRIO NO. 1. CON UN ESPESOR DE 0.13 A 0.16 MM. CON DIMENSIONES: 24 X 50 MM. CAJA CON 150.,ABASTECEDORA HIGIENICA DE SONORA SA DE CV
ANTISÉPTICO.GEL ANTISÉPTICO ELECTROLIZADO DE SUPEROXIDACIÓN CON PH NEUTRO INDICADO COMO AUXILIAR EN EL LAVADO Y TRATAMIENTO DE INFECCIONES EN TODO TIPO DE LESIONES EN PIEL Y TEJIDOS. CONCENTRACIÓN AL 0.005% + 0.0025 DE ESPECIES ACTIVAS DE CLORO Y OXÍGENO. TUBO DE GEL CON 75 G.,ESTERIPHARMA SA DE CV
ANTISÉPTICO. SOLUCIÓN ANTISÉPTICA DE AMPLIO ESPECTRO; ELECTROLIZADA DE SUPEROXIDACIÓN CON PH NEUTRO CON EFECTO BACTERICIDA INDICADO COMO AUXILIAR EN EL LAVADO Y TRATAMIENTO DE INFECCIONES EN TODO TIPO DE LESIONES EN PIEL Y TEJIDOS E IRRIGACIÓN QUIRÚRGICA. SOLUCIÓN AL 0.002% DE ESPECIES ACTIVAS DE CLORO Y OXÍGENO. BOLSA DE LAMINACIÓN CON 1 L.,ESTERIPHARMA SA DE CV
ANTISÉPTICO. SOLUCIÓN ANTISÉPTICA DE AMPLIO ESPECTRO; ELECTROLIZADA DE SUPEROXIDACIÓN CON PH NEUTRO CON EFECTO BACTERICIDA INDICADO COMO AUXILIAR EN EL LAVADO Y TRATAMIENTO DE INFECCIONES EN TODO TIPO DE LESIONES EN PIEL Y TEJIDOS E IRRIGACIÓN QUIRÚRGICA. SOLUCIÓN AL 0.002% DE ESPECIES ACTIVAS DE CLORO Y OXÍGENO. ENVASE CON 120 ML.,ESTERIPHARMA SA DE CV
SUTURAS. SINTÉTICAS NO ABSORBIBLES MONOFILAMENTO DE POLIPROPILENO CON AGUJA. LONGITUD DE LA HEBRA: 75 CM CALIBRE DE LA SUTURA: 0 CARACTERÍSTICAS DE LA AGUJA: 1/2 DE CÍRCULO CORTANTE (24-26 MM). ENVASE CON 12 PIEZAS.,IMPULSORA DE MATERIAL HOSPITALARIO SA DE CV
SUTURAS. SINTÉTICAS NO ABSORBIBLES MONOFILAMENTO DE POLIPROPILENO CON AGUJA. LONGITUD DE LA HEBRA: 75 CM CALIBRE DE LA SUTURA: 2-0 CARACTERÍSTICAS DE LA AGUJA: RECTA CORTANTE (60 MM). ENVASE CON 12 PIEZAS.,IMPULSORA DE MATERIAL HOSPITALARIO SA DE CV
CÁNULAS. PARA TRAQUEOSTOMÍA ADULTO DE CLORURO DE POLIVINILO CON BALÓN CURVADA CINTA DE FIJACIÓN GLOBO DE BAJA PRESIÓN Y ALTO VOLUMEN RADIOPACA CON ENDOCÁNULA PLACA DE RETENCIÓN DE LA ENDOCÁNULA Y GUÍA DE INSERCIÓN. ESTÉRIL Y DESECHABLE. DIÁMETRO INTERNO: 9.0 MM ± 0.2 MM. DIÁMETRO EXTERNO: 11.4 MM ± 1.2 MM. LONGITUD: 80 MM ± 5 MM. PIEZA.,INSTRUMENTOS Y ACCESORIOS AUTOMATIZADOS SA DE CV
CÁNULAS. PARA TRAQUEOSTOMÍA ADULTO DE CLORURO DE POLIVINILO CON BALÓN CURVADA CINTA DE FIJACIÓN GLOBO DE BAJA PRESIÓN Y ALTO VOLUMEN RADIOPACA CON ENDOCÁNULA PLACA DE RETENCIÓN DE LA ENDOCÁNULA Y GUÍA DE INSERCIÓN. ESTÉRIL Y DESECHABLE. DIÁMETRO INTERNO: 7.0 MM ± 0.2 MM. DIÁMETRO EXTERNO: 9.4 MM ± 0.6 MM. LONGITUD: 70 MM ± 5 MM. PIEZA.,INSTRUMENTOS Y ACCESORIOS AUTOMATIZADOS SA DE CV
ESPEJO. VAGINAL DESECHABLE MEDIANO VALVA SUPERIOR DE 10.7 CM VALVA INFERIOR DE 12.0 CM ORIFICIO CENTRAL DE 3.4 CM. PIEZA.,LABCO SOLUCIONES MEDICAS SA DE CV
FORMULA DE INICIO LIBRE DE FENILALANINA. POLVO CONTENIDO EN: ENERGÍA UNIDAD KCAL 100G MÍNIMO 470 MÁXIMO 550 PROTEÍNA UNIDAD G 100G MÍNIMO 12.50 MÁXIMO 17.00 HIDRATOS DE CARBONO UNIDAD G 100G MÍNIMO 50.00 MÁXIMO 60.00 LÍPIDOS UNIDAD G 100G MÍNIMO 20.00 MÁXIMO 26.00 L-ALANINA UNIDAD G 100G MÍNIMO 0 MÁXIMO 1.50 L-ARGININA UNIDAD G 100G MÍNIMO 0 MÁXIMO 1.50 L-ACIDO ASPÁRTICO UNIDAD G 100G MÍNIMO 0 MÁXIMO 1.50 L-CISTINA UNIDAD G 100G MÍNIMO 0.10 MÁXIMO 0.50 L-ACIDO GLUTÁMICO UNIDAD G 100G MÍNIMO 0 MÁXIMO 3.00 GLICINA UNIDAD G 100G MÍNIMO 0 MÁXIMO 1.00 L-HISTIDINA UNIDAD G 100G MÍNIMO 0.20 MÁXIMO 0.80 L-ISOLEUCINA UNIDAD G 100G MÍNIMO 0.50 MÁXIMO 1.50 L-LEUCINA UNIDAD G 100G MÍNIMO 1.50 MÁXIMO 2.50 L-LISINA UNIDAD G 100G MÍNIMO 0.50 MÁXIMO 1.50 L-METIONINA UNIDAD G 100G MÍNIMO 0.10 MÁXIMO 0.50 L-FENILALANINA UNIDAD G 100G MÍNIMO 0.00 MÁXIMO 0.00 L-PROLINA UNIDAD G 100G MÍNIMO 0 MÁXIMO 1.50 L-SERINA UNIDAD G 100G MÍNIMO 0 MÁXIMO 1.00 L-TREONINA UNIDAD G 100G MÍNIMO 0.50 MÁXIMO 1.00 L-TRIPTÓFANO UNIDAD G 100G MÍNIMO 0.10 MÁXIMO 0.50 L-TIROSINA UNIDAD G 100G MÍNIMO 1.00 MÁXIMO 2.00 L-VALINA UNIDAD G 100G MÍNIMO 1.00 MÁXIMO 1.50 L-CARNITINA UNIDAD G 100G MÍNIMO 0 MÁXIMO 0.05 L-TAURINA UNIDAD G 100G MÍNIMO 0.01 MÁXIMO 0.05 L-GLUTAMINA UNIDAD G 100G MÍNIMO 0 MÁXIMO 0.20 TIAMINA (B1) UNIDAD MG 100G MÍNIMO 0.20 MÁXIMO 2.50 RIBOFLAVINA (B2) UNIDAD MG 100G MÍNIMO 0.40 MÁXIMO 1.50 NIACINA (B3) UNIDAD MG 100G MÍNIMO 4.00 MÁXIMO 13.00 PIRIDOXINA (B6) UNIDAD MG 100G MÍNIMO 0.30 MÁXIMO 1.30 CIANOCOBALAMINA (B12) UNIDAD ΜG 100G MÍNIMO 1.00 MÁXIMO 5.00 ACIDO FÓLICO UNIDAD ΜG 100G MÍNIMO 30.00 MÁXIMO 250.00 ACIDO PANTOTÉNICO UNIDAD MG 100G MÍNIMO 2.50 MÁXIMO 7.00 ACIDO ASCÓRBICO (VIT.C) UNIDAD MG 100G MÍNIMO 30.00 MÁXIMO 70.00 COLINA UNIDAD MG 100G MÍNIMO 40.00 MÁXIMO 90.00 BIOTINA UNIDAD ΜG 100G MÍNIMO 20.00 MÁXIMO 70.00 INOSITOL UNIDAD MG 100G MÍNIMO 30.00 MÁXIMO 110.00 VITAMINA A-RETINOL UNIDAD U.I. 100G MÍNIMO 1400 MÁXIMO 1800 VITAMINA D UNIDAD U.I. 100G MÍNIMO 300 MÁXIMO 400 VITAMINA E-ALFA TOCOFEROL UNIDAD U.I. 100G MÍNIMO 3 MÁXIMO 12 VITAMINA K UNIDAD ΜG 100G MÍNIMO 15.00 MÁXIMO 55.00 SODIO UNIDAD MG 100G MÍNIMO 100.00 MÁXIMO 250.00 POTASIO UNIDAD MG 100G MÍNIMO 400.00 MÁXIMO 700.00 CLORO UNIDAD MG 100G MÍNIMO 250.00 MÁXIMO 350.00 CALCIO UNIDAD MG 100G MÍNIMO 300.00 MÁXIMO 700.00 FÓSFORO UNIDAD MG 100G MÍNIMO 200.00 MÁXIMO 460.00 MAGNESIO UNIDAD MG 100G MÍNIMO 25.00 MÁXIMO 70.00 HIERRO UNIDAD MG 100G MÍNIMO 5.00 MÁXIMO 12.00 COBRE UNIDAD MG 100G MÍNIMO 0.20 MÁXIMO 1.50 ZINC UNIDAD MG 100G MÍNIMO 3.00 MÁXIMO 10.00 MANGANESO UNIDAD MG 100G MÍNIMO 0.20 MÁXIMO 0.80 YODO UNIDAD ΜG 100G MÍNIMO 40.00 MÁXIMO 80.00 MOLIBDENO UNIDAD ΜG 100G MÍNIMO 10.00 MÁXIMO 40.00 SELENIO UNIDAD ΜG 100G MÍNIMO 12.00 MÁXIMO 22.00 CROMO UNIDAD ΜG 100G MÍNIMO 10.00 MÁXIMO 40.00 ENVASE: LATA O SOBRE. CON MEDIDA DOSIFICADORA,PROQUIMICA Y ALTA ESPECIALIDAD MEDICA SA DE CV
ALIMENTO MÉDICO PARA PACIENTES CON TRASTORNO DEL CICLO DE LA UREA RECIEN NACIDOS A 7 AÑOS 11 MESES DE EDAD. POLVO. CADA 100G CONTIENE: ENERGÍA UNIDAD KCAL MÍNIMO 500.00 MÁXIMO 510.00 PROTEÍNA UNIDAD G MÍNIMO 6.50 MÁXIMO 7.50 HIDRATOS DE CARBONO UNIDAD G MÍNIMO 57.00 MÁXIMO 60.00 LÍPIDOS UNIDAD G MÍNIMO 24.60 MÁXIMO 26.00 L-ALANINA UNIDAD G MÍNIMO 0 MÁXIMO 0 L-ARGININA UNIDAD G MÍNIMO 0 MÁXIMO 0 L-ACIDO ASPÁRTICO UNIDAD G MÍNIMO 0 MÁXIMO 0 L-CISTINA UNIDAD G MÍNIMO 0.30 MÁXIMO 0.32 L-ACIDO GLUTÁMICO UNIDAD G MÍNIMO 0 MÁXIMO 0 GLICINA UNIDAD G MÍNIMO 0 MÁXIMO 0 L-HISTIDINA UNIDAD G MÍNIMO 0.36 MÁXIMO 0.44 L-ISOLEUCINA UNIDAD G MÍNIMO 0.99 MÁXIMO 1.28 L-LEUCINA UNIDAD G MÍNIMO 2.00 MÁXIMO 2.17 L-LISINA UNIDAD G MÍNIMO 1.11 MÁXIMO 1.24 L-METIONINA UNIDAD G MÍNIMO 0.25 MÁXIMO 0.34 L-FENILALANINA UNIDAD G MÍNIMO 0.67 MÁXIMO 0.75 L-TREONINA UNIDAD G MÍNIMO 0.75 MÁXIMO 0.85 L-TRIPTÓFANO UNIDAD G MÍNIMO 0.38 MÁXIMO 0.39 L-TIROSINA UNIDAD G MÍNIMO 0.80 MÁXIMO 0.88 L-VALINA UNIDAD G MÍNIMO 0.99 MÁXIMO 1.43 TIAMINA (B1) UNIDAD MG MÍNIMO 1.00 MÁXIMO 2.00 RIBOFLAVINA (B2) UNIDAD MG MÍNIMO 0.98 MÁXIMO 1.20 NIACINA (B3) UNIDAD ΜG MÍNIMO 10000.00 MÁXIMO 16700.00 PIRIDOXINA (B6) UNIDAD MG MÍNIMO 0.85 MÁXIMO 1.00 CIANOCOBALAMINA (B12) UNIDAD ΜG MÍNIMO 2.00 MÁXIMO 5.60 ACIDO FÓLICO UNIDAD ΜG MÍNIMO 100.00 MÁXIMO 250.00 ACIDO PANTOTÉNICO UNIDAD ΜG MÍNIMO 3.80 MÁXIMO 7.80 ACIDO ASCÓRBICO (VIT.C) UNIDAD MG MÍNIMO 55.00 MÁXIMO 60.00 COLINA UNIDAD MG MÍNIMO 60.00 MÁXIMO 100.00 BIOTINA UNIDAD ΜG MÍNIMO 38.00 MÁXIMO 75.00 INOSITOL UNIDAD MG MÍNIMO 50.00 MÁXIMO 86.00 VITAMINA A UNIDAD UI MÍNIMO 533.00 MÁXIMO 1600.00 VITAMINA D UNIDAD UI MÍNIMO 300.00 MÁXIMO 360.00 VITAMINA E UNIDAD UI MÍNIMO 10.00 MÁXIMO 17.01 VITAMINA K UNIDAD ΜG MÍNIMO 40.00 MÁXIMO 60.00 SODIO UNIDAD MG MÍNIMO 215.00 MÁXIMO 240.00 POTASIO UNIDAD MG MÍNIMO 560.00 MÁXIMO 790.00 CLORO UNIDAD MG MÍNIMO 390.00 MÁXIMO 420.00 CALCIO UNIDAD MG MÍNIMO 650.00 MÁXIMO 660.00 FÓSFORO UNIDAD MG MÍNIMO 440.00 MÁXIMO 455.00 MAGNESIO UNIDAD MG MÍNIMO 55.00 MÁXIMO 66.00 COBRE UNIDAD ΜG MÍNIMO 860.00 MÁXIMO 1250.00 ZINC UNIDAD MG MÍNIMO 8.60 MÁXIMO 9.50 MANGANESO UNIDAD ΜG MÍNIMO 380.00 MÁXIMO 500.00 YODO UNIDAD ΜG MÍNIMO 76.00 MÁXIMO 80.00 SELENIO UNIDAD ΜG MÍNIMO 14.10 MÁXIMO 25.00. ENVASE: LATA CON MEDIDA DOSIFICADORA.,PROQUIMICA Y ALTA ESPECIALIDAD MEDICA SA DE CV
"CONTENEDOR DESECHABLE PARA LÍQUIDOS, DE POLIPROPILENO DE COLOR ROJO, RÍGIDO, ESTERILIZABLE, INCINERABLE Y NO TÓXICO; RESISTENTE A LA PERFORACIÓN, AL IMPACTO Y A LA PÉRDIDA DEL CONTENIDO AL CAERSE, CON TAPA DE SEGURIDAD HERMÉTICA, ETIQUETADO CON LA LEYENDA: ""RESIDUOS PELIGROSOS LÍQUIDOS BIOLÓGICO-INFECCIOSOS"" Y MARCADO CON EL SÍMBOLO UNIVERSAL DE RIESGO BIOLÓGICO. DEBE CONTAR CON CERTIFICADO ANALÍTICO QUE GARANTICE EL CUMPLIMIENTO DE LA NOM-087-SEMARNAT-VIGENTE. CAPACIDAD: 1.5 A 2.0 L.",HITEC MEDICAL SA DE CV
"CONTENEDORES. DESECHABLE PARA LÍQUIDOS, DE POLIPROPILENO DE COLOR AMARILLO, RÍGIDO, ESTERILIZABLE, INCINERABLE Y NO TÓXICO; RESISTENTE A LA PERFORACIÓN, AL IMPACTO Y A LA PÉRDIDA DEL CONTENIDO AL CAERSE, CON TAPA DE SEGURIDAD PARA LA ABERTURA, ETIQUETADO CON LA LEYENDA: ""RESIDUOS PELIGROSOS LÍQUIDOS BIOLÓGICO-INFECCIOSOS"" Y MARCADO CON EL SÍMBOLO UNIVERSAL DE RIESGO BIOLÓGICO. DEBE CONTAR CON CERTIFICADO ANALÍTICO CUYAS ESPECIFICACIONES TÉCNICAS DEBEN CUMPLIR CON LA NOM-087-SEMARNAT-SSA1 VIGENTE. CAPACIDAD: 1.5 A 2.0 L. PIEZA.",HITEC MEDICAL SA DE CV
"CONTENEDORES. DESECHABLE PARA LIQUIDOS, DE POLIPROPILENO DE COLOR AMARILLO,RIGIDO, ESTERILIZABLE, INCINERABLE Y NO TOXICO; RESISTENTE A LA PERFORACION, ALIMPACTO Y A LA PERDIDA DEL CONTENIDO AL CAERSE, CON TAPA DE SEGURIDAD PARA LAABERTURA, ETIQUETADO CON LA LEYENDA: ""RESIDUOS PELIGROSOS LIQUIDOSBIOLOGICO-INFECCIOSOS"" Y MARCADO CON EL SIMBOLO UNIVERSAL DE RIESGO BIOLOGICO.DEBE CONTAR CON CERTIFICADO ANALITICO CUYAS ESPECIFICACIONES TECNICAS DEBENCUMPLIR CON LA NOM-087-SEMARNAT-SSA1 VIGENTE. CAPACIDAD: 7.50 A 9.40 L. PIEZA.",HITEC MEDICAL SA DE CV
TUBOS. ENDOTRAQUEALES SIN GLOBO. DE ELASTÓMERO DE SILICÓN TRANSPARENTE GRADUADOS CON MARCA RADIOPACA ESTÉRILES Y DESECHABLES. DIÁMETRO INTERNO: 6.5 MM CALIBRE: 26 FR. PIEZA,HITEC MEDICAL SA DE CV
TUBOS. ENDOTRAQUEALES SIN GLOBO. DE ELASTÓMERO DE SILICÓN TRANSPARENTE GRADUADOS CON MARCA RADIOPACA ESTÉRILES Y DESECHABLES. DIÁMETRO INTERNO: 6.0 MM CALIBRE: 24 FR. PIEZA,HITEC MEDICAL SA DE CV
TUBOS. ENDOTRAQUEALES SIN GLOBO. DE ELASTÓMERO DE SILICÓN TRANSPARENTE GRADUADOS CON MARCA RADIOPACA ESTÉRILES Y DESECHABLES. DIÁMETRO INTERNO: 5.5 MM CALIBRE: 22 FR. PIEZA,HITEC MEDICAL SA DE CV
TUBOS. ENDOTRAQUEALES SIN GLOBO. DE ELASTÓMERO DE SILICÓN TRANSPARENTE GRADUADOS CON MARCA RADIOPACA ESTÉRILES Y DESECHABLES. DIÁMETRO INTERNO: 5.0 MM CALIBRE: 20 FR. PIEZA,HITEC MEDICAL SA DE CV
TUBOS. ENDOTRAQUEALES SIN GLOBO. DE ELASTÓMERO DE SILICÓN TRANSPARENTE GRADUADOS CON MARCA RADIOPACA ESTÉRILES Y DESECHABLES. DIÁMETRO INTERNO: 4.5 MM CALIBRE: 18 FR. PIEZA,HITEC MEDICAL SA DE CV
TUBOS. ENDOTRAQUEALES SIN GLOBO. DE ELASTÓMERO DE SILICÓN TRANSPARENTE GRADUADOS CON MARCA RADIOPACA ESTÉRILES Y DESECHABLES. DIÁMETRO INTERNO: 4.0 MM CALIBRE: 16 FR. PIEZA,HITEC MEDICAL SA DE CV
TUBOS. ENDOTRAQUEALES SIN GLOBO. DE ELASTÓMERO DE SILICÓN TRANSPARENTE GRADUADOS CON MARCA RADIOPACA ESTÉRILES Y DESECHABLES. DIÁMETRO INTERNO: 3.5 MM CALIBRE: 14 FR. PIEZA,HITEC MEDICAL SA DE CV
TUBOS. ENDOTRAQUEALES SIN GLOBO. DE ELASTÓMERO DE SILICÓN TRANSPARENTE GRADUADOS CON MARCA RADIOPACA ESTÉRILES Y DESECHABLES. DIÁMETRO INTERNO: 3.0 MM CALIBRE: 12 FR. PIEZA.,HITEC MEDICAL SA DE CV
TUBOS. ENDOTRAQUEALES SIN GLOBO. DE ELASTÓMERO DE SILICÓN TRANSPARENTE GRADUADOS CON MARCA RADIOPACA ESTÉRILES Y DESECHABLES. DIÁMETRO INTERNO: 2.5 MM CALIBRE: 10 FR. PIEZA,HITEC MEDICAL SA DE CV
TUBOS. ENDOTRAQUEALES SIN GLOBO. DE ELASTÓMERO DE SILICÓN TRANSPARENTE GRADUADOS CON MARCA RADIOPACA ESTÉRILES Y DESECHABLES. DIÁMETRO INTERNO: 2.0 MM CALIBRE: 8 FR.,HITEC MEDICAL SA DE CV
MIFEPRISTONA. TABLETA. CADA TABLETA CONTIENE: MIFEPRISTONA 200 MG. ENVASE CON TRES TABLETAS.,GRUPO FARMACEUTICO MDK SA DE CV
APÓSITOS. DE HIDROGEL CON ALGINATO SÓDICO PARA GRANULACIÓN Y EPITELIZACIÓN. 9.5 X 9.5 CM. PIEZA.,HITEC MEDICAL SA DE CV
"AGUJA PARA RAQUIANESTESIA O BLOQUEO SUBARACNOIDEO. DE ACERO INOXIDABLE, PUNTATIPO LAPIZ, CONECTOR ROSCADO LUER LOCK HEMBRA TRANSLUCIDO Y MANDRIL CON BOTONINDICADOR; SIN DEPOSITO DE 0.2ML EN PABELLON PARA LIQUIDO CEFALORRAQUIDEO.ESTERIL Y DESECHABLE. TIPO: WHITACRE. LONGITUD: 8.7 A 9.1 CM. CALIBRE: 22 G.PIEZA.",AGYPROM SA DE CV
TUBOS. TUBO FLEXIBLE DE POLIVINILO. DIÁMETRO INTERNO: 8.00 MM. DIÁMETRO EXTERNO: 11.1 MM. ROLLO DE 12 M.,AGYPROM SA DE CV
SIERRA MANUAL GIGLI.,AGYPROM SA DE CV
TUBOS. ENDOTRAQUEALES SIN GLOBO. DE CLORURO DE POLIVINILO TRANSPARENTE GRADUADOSCON MARCA RADIOPACA ESTERILES Y DESECHABLES. DIAMETRO INTERNO: 5.0 MM CALIBRE:20 FR. PIEZA.,AGYPROM SA DE CV
ANTISÉPTICO.GEL ANTISÉPTICO ELECTROLIZADO DE SUPEROXIDACIÓN CON PH NEUTRO INDICADO COMO AUXILIAR EN EL LAVADO Y TRATAMIENTO DE INFECCIONES EN TODO TIPO DE LESIONES EN PIEL Y TEJIDOS. CONCENTRACIÓN AL 0.005% + 0.0025 DE ESPECIES ACTIVAS DE CLORO Y OXÍGENO. ENVASE CON 500G.,ESTERIPHARMA SA DE CV
ANTISÉPTICO.GEL ANTISÉPTICO ELECTROLIZADO DE SUPEROXIDACIÓN CON PH NEUTRO INDICADO COMO AUXILIAR EN EL LAVADO Y TRATAMIENTO DE INFECCIONES EN TODO TIPO DE LESIONES EN PIEL Y TEJIDOS. CONCENTRACIÓN AL 0.005% + 0.0025 DE ESPECIES ACTIVAS DE CLORO Y OXÍGENO. TUBO DE GEL CON 240 G.,ESTERIPHARMA SA DE CV
ANTISÉPTICO. SOLUCIÓN ANTISÉPTICA DE AMPLIO ESPECTRO; ELECTROLIZADA DE SUPEROXIDACIÓN CON PH NEUTRO CON EFECTO BACTERICIDA INDICADO COMO AUXILIAR EN EL LAVADO Y TRATAMIENTO DE INFECCIONES EN TODO TIPO DE LESIONES EN PIEL Y TEJIDOS E IRRIGACIÓN QUIRÚRGICA. SOLUCIÓN AL 0.002% DE ESPECIES ACTIVAS DE CLORO Y OXÍGENO. ENVASE CON 5 L.,ESTERIPHARMA SA DE CV
ANTISÉPTICO. SOLUCIÓN ANTISÉPTICA DE AMPLIO ESPECTRO; ELECTROLIZADA DE SUPEROXIDACIÓN CON PH NEUTRO CON EFECTO BACTERICIDA INDICADO COMO AUXILIAR EN EL LAVADO Y TRATAMIENTO DE INFECCIONES EN TODO TIPO DE LESIONES EN PIEL Y TEJIDOS E IRRIGACIÓN QUIRÚRGICA. SOLUCIÓN AL 0.002% DE ESPECIES ACTIVAS DE CLORO Y OXÍGENO. ENVASE CON 1 L.,ESTERIPHARMA SA DE CV
ANTISÉPTICO. SOLUCIÓN ANTISÉPTICA DE AMPLIO ESPECTRO; ELECTROLIZADA DE SUPEROXIDACIÓN CON PH NEUTRO CON EFECTO BACTERICIDA INDICADO COMO AUXILIAR EN EL LAVADO Y TRATAMIENTO DE INFECCIONES EN TODO TIPO DE LESIONES EN PIEL Y TEJIDOS E IRRIGACIÓN QUIRÚRGICA. SOLUCIÓN AL 0.002% DE ESPECIES ACTIVAS DE CLORO Y OXÍGENO. ENVASE CON 500 ML.,ESTERIPHARMA SA DE CV
ANTISÉPTICO. SOLUCIÓN ANTISÉPTICA DE AMPLIO ESPECTRO; ELECTROLIZADA DE SUPEROXIDACIÓN CON PH NEUTRO CON EFECTO BACTERICIDA INDICADO COMO AUXILIAR EN EL LAVADO Y TRATAMIENTO DE INFECCIONES EN TODO TIPO DE LESIONES EN PIEL Y TEJIDOS E IRRIGACIÓN QUIRÚRGICA. SOLUCIÓN AL 0.002% DE ESPECIES ACTIVAS DE CLORO Y OXÍGENO. ENVASE CON 240 ML.,ESTERIPHARMA SA DE CV
ANTISÉPTICO. SOLUCIÓN ANTISÉPTICA DE AMPLIO ESPECTRO; ELECTROLIZADA DE SUPEROXIDACIÓN CON PH NEUTRO CON EFECTO BACTERICIDA INDICADO COMO AUXILIAR EN EL LAVADO Y TRATAMIENTO DE INFECCIONES EN TODO TIPO DE LESIONES EN PIEL Y TEJIDOS E IRRIGACIÓN QUIRÚRGICA. SOLUCIÓN AL 0.002% DE ESPECIES ACTIVAS DE CLORO Y OXÍGENO. ENVASE CON 60 ML.,ESTERIPHARMA SA DE CV
DESINFECTANTES. SOLUCIÓN DESINFECTANTE DE SUPEROXIDACIÓN CON PH NEUTRO NO CORROSIVA. SOLUCIÓN AL 100%. ENVASE CON 250 ML A 5 L.,ESTERIPHARMA SA DE CV
SUTURAS. SINTÉTICAS NO ABSORBIBLES MONOFILAMENTO DE POLIPROPILENO CON AGUJA. LONGITUD DE LA HEBRA: 90 CM CALIBRE DE LA SUTURA: 2-0 CARACTERÍSTICAS DE LA AGUJA: 1/2 CÍRCULO PUNTA AHUSADA (15-17 MM). ENVASE CON 12 PIEZAS.,IMPULSORA DE MATERIAL HOSPITALARIO SA DE CV
HEMOSTÁTICOS. ESPONJA HEMOSTÁTICA DE GELATINA O COLÁGENO DE: 20 A 30 X 50 A 60 MM. ENVASE CON UNA PIEZA.,INSTRUMENTOS Y ACCESORIOS AUTOMATIZADOS SA DE CV
SUCRALFATO. TABLETA CADA TABLETA CONTIENE: SUCRALFATO 1 G ENVASE CON 40 TABLETAS.,LABORATORIOS SYDENHAM SA DE CV
ÁCIDO FÓLICO. TABLETA. CADA TABLETA CONTIENE: ÁCIDO FÓLICO 5 MG ENVASE CON 20 TABLETAS.,LABORATORIOS SYDENHAM SA DE CV
OSELTAMIVIR. CÁPSULA CADA CÁPSULA CONTIENE: FOSFATO DE OSELTAMIVIR EQUIVALENTE A 45 MG DE OSELTAMIVIR ENVASE CON 10 CÁPSULAS,MSN LIFE CARE SA DE CV
BRAZALETES. PARA IDENTIFICACIÓN. DE PLÁSTICO. ADULTO. ENVASE CON 100 PIEZAS.,SANBARI SA DE CV
BOLSAS. PARA USO GENERAL DE POLIETILENO. BIODEGRADABLE. CALIBRE ENTRE 150-200. PARA LA RECOLECCIÓN Y DESECHOS DE RESIDUOS NO RPBI. MEDIDAS: 90 X 120 CM. ENVASE CON 100 PIEZAS.,SANBARI SA DE CV
"BOLSAS. DE POLIETILENO COLOR AMARILLO TRASLÚCIDO, IMPERMEABLE, MARCADA CON LA LEYENDA: “RESIDUOS PELIGROSOS BIOLÓGICO-INFECCIOSOS” Y CON EL SÍMBOLO UNIVERSAL DE: RIESGO BIOLÓGICO. CALIBRE MÍNIMO 300. DEBE CONTAR CON CERTIFICADO ANALÍTICO CUYAS ESPECIFICACIONES TÉCNICAS DEBEN CUMPLIR CON LA NOM-087-SEMARNAT-SSA1 VIGENTE. TAMAÑO DE: 60 X 90 CM. PIEZA.",SANBARI SA DE CV
"BOLSAS. DE POLIETILENO COLOR ROJO TRASLUCIDO, IMPERMEABLE, MARCADA CON LALEYENDA: “RESIDUOS PELIGROSOS BIOLOGICO-INFECCIOSOS” Y CON EL SIMBOLO UNIVERSALDE: RIESGO BIOLOGICO. CALIBRE MINIMO 200. DEBE CONTAR CON CERTIFICADO ANALITICOCUYAS ESPECIFICACIONES TECNICAS DEBEN CUMPLIR CON LA NOM-087-SEMARNAT-SSA1VIGENTE. TAMAÑO DE: 30 X 70 CM. PIEZA.",SANBARI SA DE CV
BOLSAS. PARA USO GENERAL DE POLIETILENO. BIODEGRADABLE. CALIBRE ENTRE 150-200. PARA LA RECOLECCIÓN Y DESECHOS DE RESIDUOS NO RPBI. MEDIDAS: 60 X 80 CM. ENVASE CON 100 PIEZAS.,SANBARI SA DE CV
CÁNULAS OROFARÍNGEAS. DE PLÁSTICO TRANSPARENTE O TRANSLUCIDO. TIPO: GUEDEL/BERMAN. TAMAÑO: 00 LONGITUD: 40 MM. PIEZA.,AGYPROM SA DE CV
AGUJAS. PARA RAQUIANESTESIA O BLOQUEO SUBARACNOIDEO. DE ACERO INOXIDABLE PUNTA TIPO LÁPIZ CONECTOR ROSCADO LUER HEMBRA TRANSLÚCIDO Y MANDRIL CON BOTÓN INDICADOR; SIN DEPÓSITO Ó CON DEPÓSITO DE 0.2ML EN PABELLÓN PARA LÍQUIDO CEFALORRAQUÍDEO. ESTÉRIL Y DESECHABLE. TIPO: WHITACRE. LONGITUD: 8.7 A 9.1 CM. CALIBRE: 22 G. PIEZA.,AGYPROM SA DE CV
AGUJAS. PARA BIOPSIA DESECHABLE. TIPO: TRUCUT. LONGITUD: 20 CM. CALIBRE: 18 G. PIEZA. PIEZA.,AGYPROM SA DE CV
AGUJAS. PARA RAQUIANESTESIA O BLOQUEO SUBARACNOIDEO. DE ACERO INOXIDABLE PUNTA TIPO LÁPIZ CONECTOR ROSCADO LUER LOCK HEMBRA TRANSLÚCIDO Y MANDRIL CON BOTÓN INDICADOR; SIN DEPÓSITO O CON DEPÓSITO DE 0.2ML EN PABELLÓN PARA LÍQUIDO CEFALORRAQUÍDEO. ESTÉRIL Y DESECHABLE. TIPO: WHITACRE. LONGITUD: 11.6 A 11.9 CM. CALIBRE: 25 Ó 27 G. PIEZA.,AGYPROM SA DE CV
TERIFLUNOMIDA TABLETA CADA TABLETA CONTIENE: TERIFLUNOMIDA 14 MG ENVASE CON 28 TABLETAS.,BERNA MEDICAMENTOS SA DE CV
IMPLANTES. MATRIZ O ESPONJA DE COLÁGENO: 7.5 CM X 7.5 CM. PIEZA.,INSTRUMENTOS Y ACCESORIOS AUTOMATIZADOS SA DE CV
"TUBOS. TUBO SISTEMA PARA TOMA Y RECOLECCION DE SANGRE, DE PLASTICO PET AL VACIO(13 X 75 MM) DESECHABLE PARA ADULTO CON CITRATO DE SODIO 0.109 MOLAR (3.2%) (0.3ML) LIQUIDO, TAPON AZUL CON SILICON COMO LUBRICANTE, VOLUMEN DE DRENADO 2.7 - 3ML (+0.3 ML) EL RANGO MENOR ESTABLECE EL VOLUMEN DE DRENADO A LA ALTURA DELALTIPLANO MEXICANO Y EL RANGO MAYOR AL NIVEL DEL MAR. ETIQUETADOSINDIVIDUALMENTE CON NUMERO DE LOTE Y FECHA DE CADUCIDAD. CON TAPON DE SEGURIDAD.ESTERIL. CAJA CON 100 TUBOS.",LABCO SOLUCIONES MEDICAS SA DE CV
DEFERASIROX. COMPRIMIDO. CADA COMPRIMIDO CONTIENE: DEFERASIROX 250 MG ENVASE CON 28 COMPRIMIDOS,MSN LIFE CARE SA DE CV
PRASUGREL. TABLETA CADA TABLETA CONTIENE: CLORHIDRATO DE PRASUGREL EQUIVALENTE A 10 MG DE PRASUGREL ENVASE CON 28 TABLETAS.,ALTERNAVIDA SA DE CV
DAPSONA. TABLETA CADA TABLETA CONTIENE: DAPSONA 100 MG ENVASE CON 1000 TABLETAS.,ALTERNAVIDA SA DE CV
DIMETILFUMARATO. CÁPSULA DE LIBERACIÓN RETARDADA CADA CÁPSULA DE LIBERACIÓN RETARDADA CONTIENE: DIMETILFUMARATO 120 MG ENVASE CON 14 CÁPSULAS DE LIBERACIÓN RETARDADA.,ALTERNAVIDA SA DE CV
APOSITOS. CON BARRERA ANTIMICROBIANA. ESTERIL Y DESECHABLE. 40 CM X 20 CM A 40CM. ENVASE CON 6 PIEZAS.,INSTRUMENTOS Y ACCESORIOS AUTOMATIZADOS SA DE CV
BOLSAS. BOLSA DE PAPEL GRADO MÉDICO CON POROSIDAD CONTROLADA HIDRÓFUGO PARA ESTERILIZAR CON GAS O VAPOR. CON O SIN TRATAMIENTO ANTIBACTERIANO CON REACTIVO QUÍMICO IMPRESO Y PELÍCULA PLÁSTICA TRANSPARENTE TERMOSOLDABLE DE: 40.0 X 58.0 CM. ENVASE CON 250 PIEZAS.,SURTIDORA MEDICA DE OCCIDENTE SA DE CV
BOLSAS. BOLSA DE PAPEL GRADO MÉDICO CON POROSIDAD CONTROLADA HIDRÓFUGO PARA ESTERILIZAR CON GAS O VAPOR. CON O SIN TRATAMIENTO ANTIBACTERIANO CON REACTIVO QUÍMICO IMPRESO Y PELÍCULA PLÁSTICA TRANSPARENTE TERMOSOLDABLE DE: 20.0 X 42.0 CM. ENVASE CON 1000 PIEZAS.,SURTIDORA MEDICA DE OCCIDENTE SA DE CV
LEVETIRACETAM. TABLETA CADA TABLETA CONTIENE: LEVETIRACETAM 1 000 MG ENVASE CON 30 TABLETAS.,MSN LIFE CARE SA DE CV
ROSUVASTATINA. TABLETA CADA TABLETA CONTIENE: ROSUVASTATINA CALCICA EQUIVALENTEA 10 MG DE ROSUVASTATINA ENVASE CON 30 TABLETAS.,MSN LIFE CARE SA DE CV
ROSUVASTATINA. TABLETA CADA TABLETA CONTIENE: ROSUVASTATINA CÁLCICA EQUIVALENTE A 20 MG DE ROSUVASTATINA ENVASE CON 30 TABLETAS.,MSN LIFE CARE SA DE CV
DEFERASIROX. COMPRIMIDO. CADA COMPRIMIDO CONTIENE: DEFERASIROX 125 MG ENVASE CON 28 COMPRIMIDOS,MSN LIFE CARE SA DE CV
DIMETILFUMARATO. CÁPSULA DE LIBERACIÓN RETARDADA CADA CÁPSULA DE LIBERACIÓN RETARDADA CONTIENE: DIMETILFUMARATO 240 MG ENVASE CON 56 CÁPSULAS DE LIBERACIÓN RETARDADA.,ALTERNAVIDA SA DE CV
MIFEPRISTONA. TABLETA. CADA TABLETA CONTIENE: MIFEPRISTONA 200 MG. ENVASE CON UNA TABLETA.,GRUPO FARMACEUTICO MDK SA DE CV
GUATAS. TUBULAR DE ALGODON ESTOQUINETE Y DIMENSIONES INTERMEDIAS ENTRE LASESPECIFICADAS. LONGITUD: 22.81 M ANCHO: 20.3 CM. ROLLO.,HITEC MEDICAL SA DE CV
SITAGLIPTINA. COMPRIMIDO CADA COMPRIMIDO CONTIENE: FOSFATO DE SITAGLIPTINA MONOHIDRATADA EQUIVALENTE A 100 MG DE SITAGLIPTINA ENVASE CON 28 COMPRIMIDOS.,GRUPO FARMACEUTICO MDK SA DE CV
TUBOS TUBO SISTEMA PARA TOMA Y RECOLECCIÓN DE SANGRE DE PLÁSTICO PET AL VACÍO (13 X 75 MM) DESECHABLE PARA ADULTO CON EDTA K2 (7.2 MG) APLICADO POR ASPERSIÓN EN LA PARED DEL TUBO TAPÓN LILA CON SILICÓN COMO LUBRICANTE VOLUMEN DE DRENADO 4.0 ML (+ 0.3 ML). ETIQUETADOS INDIVIDUALMENTE CON NÚMERO DE LOTE Y FECHA DE CADUCIDAD. CON TAPÓN DE SEGURIDAD. ESTÉRIL. CAJA CON 100 TUBOS.,LABCO SOLUCIONES MEDICAS SA DE CV
TUBOS TUBO SISTEMA PARA TOMA Y RECOLECCIÓN DE SANGRE DE PLÁSTICO PET AL VACÍO (13 X 75 MM) DESECHABLE PARA ADULTO CON CITRATO DE SODIO 0.129 MOLAR (3.8%) (0.3 ML) LÍQUIDO TAPÓN AZUL CON SILICÓN COMO LUBRICANTE VOLUMEN DE DRENADO 2.7 -- 3 ML (+ 0.3 ML) EL RANGO MENOR ESTABLECE EL VOLUMEN DE DRENADO A LA ALTURA DEL ALTIPLANO MEXICANO Y EL RANGO MAYOR AL NIVEL DEL MAR. ETIQUETADOS INDIVIDUALMENTE CON NÚMERO DE LOTE Y FECHA DE CADUCIDAD. CON TAPÓN DE SEGURIDAD. ESTÉRIL. CAJA CON 100 TUBOS.,LABCO SOLUCIONES MEDICAS SA DE CV
TUBOS. TUBO SISTEMA PARA TOMA Y RECOLECCIÓN DE SANGRE DE PLÁSTICO PET AL VACÍO (13 X 100 MM) DESECHABLE PARA ADULTO SIN ANTICOAGULANTE TAPÓN ORO CON SILICÓN COMO LUBRICANTE VOLUMEN DE DRENADO 5 ML (+0.3 ML) RECUBRIMIENTO DE PARTÍCULAS DE SÍLICE 0.07-020 MG POR TUBO GEL SEPARADOR INERTE 1.0 G POR TUBO. ETIQUETADOS INDIVIDUALMENTE CON NÚMERO DE LOTE Y FECHA DE CADUCIDAD. CON TAPÓN DE SEGURIDAD. ESTÉRIL. CAJA CON 100 TUBOS.,LABCO SOLUCIONES MEDICAS SA DE CV
FORMULA O DIETA INMUNORREGULADORA. POLVO O SUSPENSIÓN ORAL CONTENIDO: 100ML ENERGÍA KCAL MÍNIMO 100.00 MÁXIMO 150.00 PROTEÍNAS G MÍNIMO 5.60 MÁXIMO 9.63 HIDRATOS DE CARBONO G MÍNIMO 12.00 MÁXIMO 13.50 LÍPIDOS G MÍNIMO 2.20 MÁXIMO 6.80 SODIO MG MÍNIMO 58.00 MÁXIMO 116.80 POTASIO MG MÍNIMO 106.00 MÁXIMO 187.20 VITAMINA C MG MÍNIMO 6.00 MÁXIMO 100.00 TIAMINA MG MÍNIMO 0.07 MÁXIMO 00.30 RIBOFLAVINA MG MÍNIMO 0.08 MÁXIMO 0.25 NIACINA MG MÍNIMO 1.00 MÁXIMO 2.80 CALCIO MG MÍNIMO 50.00 MÁXIMO 100.00 HIERRO MG MÍNIMO 0.90 MÁXIMO 1.80 VITAMINA D UI MÍNIMO 20.00 MÁXIMO 40.00 VITAMINA B6 MG MÍNIMO 0.14 MÁXIMO 1.00 ACIDO FÓLICO ΜG MÍNIMO 20.00 MÁXIMO 54.00 VITAMINA B12 ΜG MÍNIMO 0.30 MÁXIMO 0.80 FÓSFORO MG MÍNIMO 50.00 MÁXIMO 100.00 YODO ΜG MÍNIMO 7.60 MÁXIMO 16.00 MAGNESIO MG MÍNIMO 20.00 MÁXIMO 40.00 COBRE ΜG MÍNIMO 0.20 MÁXIMO 3.00 BIOTINA ΜG MÍNIMO 15.00 MÁXIMO 40.00 ACIDO PANTOTÉNICO MG MÍNIMO 0.50 MÁXIMO 1.40 VITAMINA K ΜG MÍNIMO 4.00 MÁXIMO 40.00 COLINA MG MÍNIMO 21.00 MÁXIMO 50.00 CLORURO MG MÍNIMO 0.26 MÁXIMO 174.00 MANGANESO MG MÍNIMO 0.20 MÁXIMO 0.40 CROMO ΜG MÍNIMO 7.60 MÁXIMO 14.00 MOLIBDENO ΜG MÍNIMO 7.60 MÁXIMO 22.00 VITAMINA A UI MÍNIMO 266.00 MÁXIMO 668.00 RETINOL EQUIVALENTE ΜG MÍNIMO 79.90 MÁXIMO 270.00 VITAMINA E UI MÍNIMO 5.00 MÁXIMO 10.00 ALFA TOCOFEROL MG MÍNIMO 4.03 MÁXIMO 6.67 ZINC MG MÍNIMO 1.50 MÁXIMO 3.60 SELENIO ΜG MÍNIMO 10.00 MÁXIMO 10.00 ARGININA MG MÍNIMO 1250 MÁXIMO 1540 HISTIDINA MG MÍNIMO 90.00 MÁXIMO 216.00 ISOLEUCINA MG MÍNIMO 235 MÁXIMO 780 LEUCINA MG MÍNIMO 437.00 MÁXIMO 1170.00 LISINA MG MÍNIMO 277.00 MÁXIMO 620.00 METIONINA MG MÍNIMO 100.00 MÁXIMO 169.00 CISTINA O CISTEÍNA MG MÍNIMO 12.00 MÁXIMO 40.00 FENILALANINA MG MÍNIMO 184.00 MÁXIMO 395.00 TIROSINA MG MÍNIMO 166.00 MÁXIMO 432.00 TREONINA MG MÍNIMO 150.00 MÁXIMO 338.00 TRIPTOFANO MG MÍNIMO 34.00 MÁXIMO 85.00 VALINA MG MÍNIMO 0.74 MÁXIMO 946.00 ALANINA MG MÍNIMO 100.00 MÁXIMO 235.00 ACIDO ASPÁRTICO MG MÍNIMO 100.00 MÁXIMO 564.00 GLUTAMINA MG MÍNIMO 595.00 MÁXIMO 1490.00 ACIDO GLUTÁMICO MG MÍNIMO 290.00 MÁXIMO 1080.00 GLICINA MG MÍNIMO 63.00 MÁXIMO 196.00 PROLINA MG MÍNIMO 90.00 MÁXIMO 865.00 SERINA MG MÍNIMO 166.00 MÁXIMO 404.00 RELACIÓN OMEGA 6/OMEGA 3 MÍNIMO 1.3/1 MÁXIMO 2.5/1 OSMOLARIDAD MOSM/KG H2O MÍNIMO 375 MÁXIMO 490 PRESENTACIÓN: SOBRE CON 123 G DE POLVO O LATA CON 250 ML.,HITEC MEDICAL SA DE CV
GASAS. SECA CORTADA DE ALGODÓN DE DOCE CAPAS; CON TEJIDO TIPO III. LARGO: ANCHO: 10 CM ESTÉRIL Y DESECHABLE. ENVASE CON DOS Y CINCO PIEZAS.,PUERTA DEL SOL CAPITAL SA DE CV
SOLUCION PARA DIALISIS PERITONEAL CON ICODEXTRINA SOLUCION CADA 100 MLCONTIENEN: ICODEXTRINA 7.5000 G CLORURO DE SODIO 0.5400 G LACTATO DE SODIO0.4500 G CLORURO DE CALCIO DIHIDRATADO 0.0257 G CLORURO DE MAGNESIOHEXAHIDRATADO 0.0051 G ENVASE CON BOLSA CON 2000 ML DE SOLUCION.,HITEC MEDICAL SA DE CV
ERLOTINIB. COMPRIMIDO CADA COMPRIMIDO CONTIENE: CLORHIDRATO DE ERLOTINIB EQUIVALENTE A 150 MG DE ERLOTINIB ENVASE CON 30 COMPRIMIDOS.,ALTERNAVIDA SA DE CV
DIMETILFUMARATO. CÁPSULA DE LIBERACIÓN RETARDADA CADA CÁPSULA DE LIBERACIÓN RETARDADA CONTIENE: DIMETILFUMARATO 240 MG ENVASE CON 56 CÁPSULAS DE LIBERACIÓN RETARDADA.,MSN LIFE CARE SA DE CV
LENALIDOMIDA. CÁPSULA CADA CÁPSULA CONTIENE: LENALIDOMIDA 15 MG ENVASE CON 21 CÁPSULAS,PROQUIMICA Y ALTA ESPECIALIDAD MEDICA SA DE CV
SUSTANCIAS BIOLÓGICAS TUBERCULINA PPD. DERIVADO PROTEICO PURIFICADO RT 23 PARA INTRADERMOREACCIÓN. CONTIENE CINCO UNIDADES DE TUBERCULINA EN CADA DÉCIMA DE MILILITRO RTC. FRASCO ÁMPULA DE 1 ML CON 10 DOSIS.,LABORATORIOS DE BIOLOGICOS Y REACTIVOS DE MEXICO SA DE CV
VACUNA TRIPLE VIRAL (SRP ) CONTRA SARAMPIÓN RUBÉOLA Y PAROTIDITIS. SOLUCIÓN INYECTABLE CADA DOSIS DE 0.5 ML DE VACUNA RECONSTITUIDA CONTIENE: VIRUS ATENUADOS DE SARAMPIÓN DE LAS CEPAS EDMONSTON-ZAGREB (CULTIVADOS EN CÉLULAS DIPLOIDES HUMANAS) O EDMONSTON-ENDERS O SCHWARZ (CULTIVADOS EN FIBROBLASTOS DE EMBRIÓN DE POLLO) 3.0 LOG10 A 4.5 LOG10 DICC50 O 1000 A 32000 DICC50 O 103 A 3.2 X 104 DICC50 VIRUS ATENUADOS DE RUBÉOLA CEPA WISTAR RA27/3 (CULTIVADO EN CÉLULAS DIPLOIDES HUMANAS MRC-5 O WI-38) > 3.0 LOG10 DICC50 O > 1000 DICC50 O > 103 DICC50 VIRUS ATENUADOS DE LA PAROTIDITIS DE LAS CEPAS RUBINI O LENINGRAD-ZAGREB O JERYL LYNN O URABE AM-9 O RIT 4385 (CULTIVADOS EN HUEVO EMBRIONARIO DE GALLINA O EN CÉLULAS DIPLOIDES HUMANAS) > 3.7 LOG10 DICC50 O > 5000 DICC50 O > 5 X 103 DICC50 (> 4.3 LOG10 DICC50 O > 20000 DICC50 O > 2 X 104 PARA LA CEPA JERYL LYNN) ENVASE CON FRASCO ÁMPULA CON LIOFILIZADO PARA UNA DOSIS Y DILUYENTE.,LABORATORIOS DE BIOLOGICOS Y REACTIVOS DE MEXICO SA DE CV
DASATINIB. TABLETA CADA TABLETA CONTIENE: DASATINIB 50 MG ENVASE CON 60 TABLETAS,MSN LIFE CARE SA DE CV
VINORELBINA. SOLUCIÓN INYECTABLE CADA FRASCO ÁMPULA CONTIENE: DITARTRATO DE VINORELBINA EQUIVALENTE A 10 MG DE VINORELBINA ENVASE CON UN FRASCO ÁMPULA CON 1 ML.,ILS INTEGRADORA LOGISTICA EN SALUD SA DE CV
CABAZITAXEL. SOLUCIÓN INYECTABLE. CADA FRASCO ÁMPULA CONTIENE: CABAZITAXEL ACETONA SOLVATO 60 MG ENVASE CON UN FRASCO ÁMPULA CON 1.5 ML Y UN FRASCO ÁMPULA CON 4.5 ML DE DILUYENTE.,MSN LIFE CARE SA DE CV
BORTEZOMIB. SOLUCIÓN INYECTABLE CADA FRASCO ÁMPULA CON LIOFILIZADO CONTIENE: BORTEZOMIB 3.5 MG ENVASE CON UN FRASCO ÁMPULA.,MSN LIFE CARE SA DE CV
DASATINIB. TABLETA CADA TABLETA CONTIENE: DASATINIB 50 MG ENVASE CON 60 TABLETAS,PROQUIMICA Y ALTA ESPECIALIDAD MEDICA SA DE CV
TELAS ADHESIVAS. DE ACETATO CON ADHESIVO EN UNA DE SUS CARAS. LONGITUD: 10 M. ANCHO: 7.50 CM. PRESENTACIÓN: 4 PIEZAS.,SURTIDORA MEDICA DE OCCIDENTE SA DE CV
BOLSAS. PARA USO GENERAL DE POLIETILENO. BIODEGRADABLE. CALIBRE ENTRE 150-200. PARA LA RECOLECCIÓN Y DESECHOS DE RESIDUOS NO RPBI. MEDIDAS: 30 X 20 CM. ENVASE CON 100 PIEZAS.,SANBARI SA DE CV
DIMETILFUMARATO. CÁPSULA DE LIBERACIÓN RETARDADA CADA CÁPSULA DE LIBERACIÓN RETARDADA CONTIENE: DIMETILFUMARATO 240 MG ENVASE CON 56 CÁPSULAS DE LIBERACIÓN RETARDADA.,PROQUIMICA Y ALTA ESPECIALIDAD MEDICA SA DE CV
VERAPAMILO. SOLUCIÓN INYECTABLE CADA AMPOLLETA CONTIENE: CLORHIDRATO DE VERAPAMILO 5 MG ENVASE CON 2 ML (2.5 MG/ML).,ALTERNAVIDA SA DE CV
CATÉTER PERIFÉRICO DE SEGURIDAD PARA LA INFUSIÓN DE SOLUCIONES INTRAVENOSAS DE POLIURETANO O FLUORETILENO-PROPILENO RADIOPACO CON O SIN ALETAS PARA FIJACIÓN. LA AGUJA CONTIENE UN DISPOSITIVO DE SEGURIDAD QUE LA INACTIVA CUANDO SE RETIRA DEL CATÉTER Y TAPÓN PROTECTOR. ESTÉRIL Y DESECHABLE. CALIBRE: 24 G LONGITUD: 17-24 MM PIEZA.,PROQUIMICA Y ALTA ESPECIALIDAD MEDICA SA DE CV
"VALVULAS. PARA DERIVACION DE LIQUIDO CEFALORRAQUIDEO, DE PRESION PROGRAMABLE,CON CATETER CEFALICO O VENTRICULAR DE 15 CM MINIMO DE LONGITUD Y CATETERPERITONEAL DE 85 CM MINIMO DE LONGITUD. INCLUYE: ADITAMENTOS PARA SU COLOCACION.ESTERIL Y DESECHABLE. PIEZA.",PROQUIMICA Y ALTA ESPECIALIDAD MEDICA SA DE CV
DETERGENTE O LIMPIADORES. SOLUCIÓN REMOVEDORA PARA ELIMINAR COSTRAS Y MANCHAS DE OXIDACIÓN DEL INSTRUMENTAL QUIRÚRGICO. ENVASE CON 1 A 5 LT.,ABASTECEDORA HIGIENICA DE SONORA SA DE CV
GLUCOSA SOLUCION INYECTABLE AL 5% CADA 100 ML CONTIENEN: GLUCOSA ANHIDRA OGLUCOSA 5 G O GLUCOSA MONOHIDRATADA EQUIVALENTE A 5 G DE GLUCOSA ENVASE CONBOLSA DE 50 ML Y ADAPTADOR PARA VIAL.,HITEC MEDICAL SA DE CV
BOLSAS. PARA TRANSFERENCIA CON CONECTOR PERFORADOR. CAPACIDAD: 300 ML. PIEZA.,HITEC MEDICAL SA DE CV
TUBOS. ENDOTRAQUEALES SIN GLOBO. DE CLORURO DE POLIVINILO TRANSPARENTE GRADUADOS CON MARCA RADIOPACA ESTÉRILES Y DESECHABLES. DIÁMETRO INTERNO: 4.0 MM CALIBRE: 16 FR. PIEZA,AGYPROM SA DE CV
TUBOS. ENDOTRAQUEALES SIN GLOBO. DE CLORURO DE POLIVINILO TRANSPARENTE GRADUADOSCON MARCA RADIOPACA ESTERILES Y DESECHABLES. DIAMETRO INTERNO: 5.5 MM CALIBRE:22 FR. PIEZA.,AGYPROM SA DE CV
AGUJAS. PARA BIOPSIA DESECHABLES. TIPO: TRUCUT. LONGITUD: 9.65 CM. CALIBRE: 14 G. PIEZA.,AGYPROM SA DE CV
DETERGENTES O LIMPIADORES. DETERGENTE O LIMPIADOR MULTIENZIMATICO COMPUESTO DECLORURO DE DODECIL O DIDECIL DIMETILAMONIO PH QUE ASEGURE LA ACCION OPTIMA DELAS ENZIMAS ACTIVO EN TODO TIPO DE AGUA NO CORROSIVO. SOBRE CON 20 A 25 G.ENVASE DESDE 10 A 100 SOBRES.,GRUPO FARMACEUTICO MDK SA DE CV
DOCETAXEL. SOLUCIÓN INYECTABLE. CADA FRASCO ÁMPULA CONTIENE: DOCETAXEL ANHIDRO O TRIHIDRATADO EQUIVALENTE A 80 MG DE DOCETAXEL. ENVASE CON FRASCO ÁMPULA CON 80 MG CON 8 ML.,GRUPO FARMACEUTICO MDK SA DE CV
NOREPINEFRINA. SOLUCIÓN INYECTABLE CADA AMPOLLETA CONTIENE: BITARTRATO DE NOREPINEFRINA EQUIVALENTE A 4 MG DE NOREPINEFRINA. ENVASE CON 50 AMPOLLETAS DE 4 ML.,PROQUIMICA Y ALTA ESPECIALIDAD MEDICA SA DE CV
NIFEDIPINO. COMPRIMIDO DE LIBERACIÓN PROLONGADA CADA COMPRIMIDO CONTIENE: NIFEDIPINO 30 MG ENVASE CON 30 COMPRIMIDOS.,ALTERNAVIDA SA DE CV
ADHESIVO PARA PIEL A BASE DE 2-OCTIL O N-BUTIL CIANOACRILATO DE ALTA VISCOSIDAD EN ENVASE SIN APLICADOR. CONTENIENDO: 0.50 A 0.75 ML. ESTÉRIL. PIEZA.,PROQUIMICA Y ALTA ESPECIALIDAD MEDICA SA DE CV
SIROLIMUS. SOLUCIÓN CADA ML CONTIENE SIROLIMUS 1 MG ENVASE CON 60 ML.,MSN LIFE CARE SA DE CV
SIROLIMUS. SOLUCIÓN CADA ML CONTIENE SIROLIMUS 1 MG ENVASE CON 60 ML.,ALTERNAVIDA SA DE CV
TICAGRELOR. TABLETA CADA TABLETA CONTIENE: TICAGRELOR 90 MG ENVASE CON 60 TABLETAS,MSN LIFE CARE SA DE CV
TERIFLUNOMIDA TABLETA CADA TABLETA CONTIENE: TERIFLUNOMIDA 14 MG ENVASE CON 28 TABLETAS.,MSN LIFE CARE SA DE CV
NITROPRUSIATO DE SODIO. SOLUCIÓN INYECTABLE CADA FRASCO ÁMPULA CON POLVO O SOLUCIÓN CONTIENE: NITROPRUSIATO DE SODIO 50 MG ENVASE CON UN FRASCO ÁMPULA CON O SIN DILUYENTE.,ALTERNAVIDA SA DE CV
TACROLIMUS. CÁPSULA CADA CÁPSULA CONTIENE: TACROLIMUS MONOHIDRATADO EQUIVALENTE A 5 MG DE TACROLIMUS ENVASE CON 50 CÁPSULAS.,ALTERNAVIDA SA DE CV
FOSAPREPITANT. SOLUCIÓN INYECTABLE. CADA FRASCO ÁMPULA CON LIOFILIZADO CONTIENE: FOSAPREPITANT DE DIMEGLUMINA EQUIVALENTE A 150 MG DE FOSAPREPITANT. ENVASE CON 10 FRASCOS ÁMPULA.,ALTERNAVIDA SA DE CV
CUCHILLAS DESECHABLES CON ADAPTADOR PARA MICROTOMO. PARA CORTES HISTOLÓGICOS EN PARAFINA. PAQUETE CON 100 PIEZAS.,INSTRUMENTOS Y ACCESORIOS AUTOMATIZADOS SA DE CV
HOJA PARA BISTURÍ. DE ACERO INOXIDABLE. EMPAQUE INDIVIDUAL. ESTÉRILES Y DESECHABLES. PIEZA. 20 ENVASE CON 100 PIEZAS.,INSTRUMENTOS Y ACCESORIOS AUTOMATIZADOS SA DE CV
BOLSAS. BOLSA DE PAPEL GRADO MÉDICO CON POROSIDAD CONTROLADA HIDRÓFUGO PARA ESTERILIZAR CON GAS O VAPOR. CON O SIN TRATAMIENTO ANTIBACTERIANO CON REACTIVO QUÍMICO IMPRESO Y PELÍCULA PLÁSTICA TRANSPARENTE TERMOSOLDABLE DE: 30.0 X 51.0 CM. ENVASE CON 500 PIEZAS.,PROQUIMICA Y ALTA ESPECIALIDAD MEDICA SA DE CV
"CUCHILLAS ALTO PERFIL, DESECHABLES CON ADAPTADOR PARA MICROTOMO. PARA CORTESHISTOLOGICOS EN PARAFINA. PAQUETE CON 100 PIEZAS.",INSTRUMENTOS Y ACCESORIOS AUTOMATIZADOS SA DE CV
HOJA PARA BISTURÍ. DE ACERO INOXIDABLE. EMPAQUE INDIVIDUAL. ESTÉRILES Y DESECHABLES. PIEZA. 23 ENVASE CON 100 PIEZAS.,INSTRUMENTOS Y ACCESORIOS AUTOMATIZADOS SA DE CV
BOLSAS. BOLSA DE PAPEL GRADO MÉDICO CON POROSIDAD CONTROLADA HIDRÓFUGO PARA ESTERILIZAR CON GAS O VAPOR. CON O SIN TRATAMIENTO ANTIBACTERIANO CON REACTIVO QUÍMICO IMPRESO Y PELÍCULA PLÁSTICA TRANSPARENTE TERMOSOLDABLE DE: 30.0 X 51.0 CM. ENVASE CON 500 PIEZAS.,SURTIDORA MEDICA DE OCCIDENTE SA DE CV
"DETERGENTES O LIMPIADORES. DETERGENTE ENZIMÁTICO, CON ACTIVIDAD PROTEOLÍTICA. CONCENTRADO, PARA UTILIZARSE EN INSTRUMENTAL Y EQUIPO MÉDICO. LÍQUIDO: FRASCO CON 1 A 5 LITROS, DOSIFICADOR INTEGRADO O CON CAPACIDAD PARA INTEGRAR EL DOSIFICADOR. ENVASE CON 6 FRASCOS O 12 FRASCOS DE 1 LITRO, O ENVASE CON 4 FRASCOS DE 5 LITROS. O POLVO: SOBRE EN POLVO CON 20 A 25 G. ENVASE DESDE 10 A 100 SOBRES. LA DILUCIÓN Y EL EMPLEO DEL PRODUCTO CONCENTRADO SERÁ DE ACUERDO A LAS INSTRUCCIONES DEL FABRICANTE. SE DEBERÁ TOMAR EN CONSIDERACIÓN EL RANGO MÁS ALTO DE LA DILUCIÓN RECOMENDADA POR EL FABRICANTE. DEBIDO A LO AMPLIO DE LA DESCRIPCIÓN ESTA CLAVE DEBERÁ SOLICITARSE POR LA CANTIDAD DE LITROS DEL DETERGENTE LISTO PARA SU USO.",ABASTECEDORA HIGIENICA DE SONORA SA DE CV
FILGRASTIM. SOLUCIÓN INYECTABLE CADA FRASCO ÁMPULA O JERINGA CONTIENE: FILGRASTIM 300 ΜG ENVASE CON 5 FRASCOS ÁMPULA O JERINGAS.,ALTERNAVIDA SA DE CV
INFLIXIMAB. SOLUCIÓN INYECTABLE EL FRASCO ÁMPULA CON LIOFILIZADO CONTIENE: INFLIXIMAB 100 MG ENVASE CON UN FRASCO ÁMPULA CON LIOFILIZADO E INSTRUCTIVO.,ALTERNAVIDA SA DE CV
TUBOS. ENDOTRAQUEALES SIN GLOBO. DE CLORURO DE POLIVINILO TRANSPARENTE GRADUADOS CON MARCA RADIOPACA ESTÉRILES Y DESECHABLES. DIÁMETRO INTERNO: 6.5 MM CALIBRE: 26 FR. PIEZA,AGYPROM SA DE CV
TEMOZOLOMIDA. CÁPSULA CADA CÁPSULA CONTIENE: TEMOZOLOMIDA 100 MG ENVASE CON 5 CÁPSULAS,ALTERNAVIDA SA DE CV
SITAGLIPTINA METFORMINA. COMPRIMIDO CADA COMPRIMIDO CONTIENE: FOSFATO DE SITAGLIPTINA MONOHIDRATADA EQUIVALENTE A 50 MG DE SITAGLIPTINA CLORHIDRATO DE METFORMINA 850 MG ENVASE CON 56 COMPRIMIDOS.,PROQUIMICA Y ALTA ESPECIALIDAD MEDICA SA DE CV
TUBOS. ENDOTRAQUEALES SIN GLOBO. DE CLORURO DE POLIVINILO TRANSPARENTE GRADUADOSCON MARCA RADIOPACA ESTERILES Y DESECHABLES. DIAMETRO INTERNO: 6.0 MM CALIBRE:24 FR. PIEZA.,AGYPROM SA DE CV
DESOGESTREL Y ETINILESTRADIOL. TABLETA. CADA TABLETA CONTIENE: DESOGESTREL 0.15 MG. ETINILESTRADIOL 0.03 MG. ENVASE CON 28 TABLETAS. (21 CON HORMONALES Y 7 SIN HORMONALES).,ALTERNAVIDA SA DE CV
ÁCIDO FÓLICO. TABLETA. CADA TABLETA CONTIENE: ÁCIDO FÓLICO 5 MG ENVASE CON 92 TABLETAS.,LABORATORIOS SYDENHAM SA DE CV
DEXMEDETOMIDINA SOLUCIÓN INYECTABLE. CADA FRASCO ÁMPULA CONTIENE: CLORHIDRATO DE DEXMEDETOMIDINA 200 ΜG ENVASE CON 25 FRASCOS ÁMPULA,BERNA MEDICAMENTOS SA DE CV
VENDAS. VENDA INMOVILIZADORA DE FIBRA DE VIDRIO CON RECUBRIMIENTO AHULADO EN TODAS SUS FIBRAS IMPREGNADA DE RESINA DE POLIURETANO QUE AL CONTACTO CON EL AGUA PROVOCA UNA REACCIÓN QUÍMICA DE FRAGUADO CON GUANTE DE HULE LONGITUD 3.65 M. ANCHO: 5.0 CM. PIEZA.,HITEC MEDICAL SA DE CV
TUBOS. PARA TORNIQUETE. DE LÁTEX COLOR ÁMBAR CON ESPESOR DE LA PARED DE 1.13 A 1.37 MM. METRO.,GRUPO FARMACEUTICO MDK SA DE CV
"NEBULIZADOR. EQUIPO DESECHABLE PARA NEBULIZADOR DE USO PEDIATRICO, PARA ESTUDIOSVENTILATORIOS PULMONARES, PARA PARTICULAS DE 3 MICRAS O MENOR. PIEZA.",HITEC MEDICAL SA DE CV
NEBULIZADOR. EQUIPO DESECHABLE PARA NEBULIZADOR DE USO EN ADULTOS PARA ESTUDIOS VENTILATORIOS PULMONARES PARA PARTÍCULAS DE 3 MICRAS O MENOR. PIEZA.,HITEC MEDICAL SA DE CV
SUTURAS. SEDA NEGRA TRENZADA CON AGUJA. LONGITUD DE LA HEBRA: 75 CM CALIBRE DE LA SUTURA: 0 CARACTERÍSTICAS DE LA AGUJA: 1/2 CÍRCULO AHUSADA (25-26 MM). ENVASE CON 12 PIEZAS.,IMPULSORA DE MATERIAL HOSPITALARIO SA DE CV
LENALIDOMIDA. CÁPSULA CADA CÁPSULA CONTIENE: LENALIDOMIDA 25 MG ENVASE CON 21 CÁPSULAS,PROQUIMICA Y ALTA ESPECIALIDAD MEDICA SA DE CV
ROSUVASTATINA. TABLETA CADA TABLETA CONTIENE: ROSUVASTATINA CÁLCICA EQUIVALENTE A 20 MG DE ROSUVASTATINA ENVASE CON 30 TABLETAS.,BERNA MEDICAMENTOS SA DE CV
FOSAPREPITANT. SOLUCIÓN INYECTABLE. CADA FRASCO ÁMPULA CON LIOFILIZADO CONTIENE: FOSAPREPITANT DE DIMEGLUMINA EQUIVALENTE A 150 MG DE FOSAPREPITANT. ENVASE CON 10 FRASCOS ÁMPULA.,MSN LIFE CARE SA DE CV
DOCETAXEL. SOLUCION INYECTABLE CADA FRASCO AMPULA CONTIENE: DOCETAXEL ANHIDRO OTRIHIDRATADO EQUIVALENTE A 20 MG DE DOCETAXEL ENVASE CON FRASCO AMPULA CON 20MG CON 2 ML.,GRUPO FARMACEUTICO MDK SA DE CV
PACLITAXEL. SOLUCIÓN INYECTABLE CADA FRASCO ÁMPULA CONTIENE: PACLITAXEL 300 MG ENVASE CON UN FRASCO ÁMPULA CON 50 ML CON O SIN EQUIPO PARA VENOCLISIS LIBRE DE POLIVINILCLORURO (PVC) Y FILTRO CON MEMBRANA NO MAYOR DE 0.22 ΜM.,MSN LIFE CARE SA DE CV
DESOGESTREL Y ETINILESTRADIOL. TABLETA. CADA TABLETA CONTIENE: DESOGESTREL 0.15 MG. ETINILESTRADIOL 0.03 MG. ENVASE CON 21 TABLETAS.,ALTERNAVIDA SA DE CV
ACETILCISTEÍNA. SOLUCIÓN AL 20% CADA AMPOLLETA CONTIENE: ACETILCISTEÍNA 400 MG ENVASE CON 5 AMPOLLETAS CON 2 ML (200 MG/ML).,ALTERNAVIDA SA DE CV
VENDAS. DE MALLA ELÁSTICA. FORMA TUBULAR. LONGITUD: NÚMERO: 100 M. 2. ENVASE CON 100 M.,HITEC MEDICAL SA DE CV
VENDAS. DE MALLA ELÁSTICA. FORMA TUBULAR. LONGITUD: NÚMERO: 100 M. 4. ENVASE CON 100 M.,HITEC MEDICAL SA DE CV
BABEROS. DE TELA NO TEJIDA DE RAYON. ANATOMICO AUTOAJUSTABLE DESECHABLE. TAMAÑO:ADULTO. PIEZA.,LABCO SOLUCIONES MEDICAS SA DE CV
VENDAS. DE MALLA ELÁSTICA. FORMA TUBULAR. LONGITUD: NÚMERO: 100 M. 1. ENVASE CON 100 M.,HITEC MEDICAL SA DE CV
VENDAS. DE MALLA ELÁSTICA. FORMA TUBULAR. LONGITUD: NÚMERO: 100 M. 5. ENVASE CON 100 M.,HITEC MEDICAL SA DE CV
APÓSITOS. TRANSPARENTE MICROPOROSO AUTOADHERIBLE ESTÉRIL Y DESECHABLE. CON SUAJADO MARCO DE APLICACIÓN BORDES REFORZADOS Y CINTAS ESTÉRILES. MEDIDAS: 7.0 X 8.5 CM. ENVASE CON 50 PIEZAS.,HITEC MEDICAL SA DE CV
HEMOSTÁTICOS. SATÍN HEMOSTÁTICO ABSORBIBLE. ENVASE CON 20 SOBRES.,HITEC MEDICAL SA DE CV
HEMOSTÁTICOS. GASA HEMOSTÁTICA ABSORBENTE SOLUBLE. ENVASE CON 20 SOBRES.,HITEC MEDICAL SA DE CV
VENDAS. VENDA INMOVILIZADORA DE FIBRA DE VIDRIO CON RECUBRIMIENTO AHULADO EN TODAS SUS FIBRAS IMPREGNADA DE RESINA DE POLIURETANO QUE AL CONTACTO CON EL AGUA PROVOCA UNA REACCIÓN QUÍMICA DE FRAGUADO CON GUANTE DE HULE LONGITUD 3.65 M. ANCHO: 10.0 CM. PIEZA.,HITEC MEDICAL SA DE CV
EQUIPOS. PARA DRENAJE VENTRICULAR Y MONITOREO DE LIQUIDO CEFALORRAQUIDEOINCLUYE: UN CATETER VENTRICULAR DE ELASTOMERO DE SILICON RADIOPACO DE 20 A 35 CMDE LONGITUD UN ESTILETE DE ACERO INOXIDABLE PARA LA COLOCACION DEL CATETER UNTROCAR CURVO DE ACERO INOXIDABLE CON PUNTA AGUDA PARA EL PASO DEL CATETERSUBCUTANEAMENTE VALVULA DE CONEXION CON CATETER DISTAL TABLA INTEGRADA DEPRESION INTRACRANEAL EN MM DE HG Y CM DE AGUA CAMARA DE GOTEO DE 50 A 75 CM CONVALVULA ANTIRREFLUJO Y TAPA PARA CONSERVAR LA ESTERILIDAD TUBO DE PLASTICO DE150 A 170 CM DE LONGITUD CON DOS PINZAS PARA AJUSTE DOS LLAVES. DE PASO DOSSITIOS PARA INYECCION UNA BOLSA DE RECOLECCION DE VINIL CON CAPACIDAD PARA 700ML CON MARCAS CADA 50 ML Y ASA PARA COLGAR AJUSTABLE A LA ALTURA DESEADA.ESTERIL Y DESECHABLE. EQUIPO.,HITEC MEDICAL SA DE CV
MEDIAS ANTIEMBÓLICAS ELÁSTICAS DE COMPRESIÓN MEDIANA PARA MIEMBROS INFERIORES. HASTA LA RODILLA. TALLAS: GRANDE. ENVASE CON UN PAR.,HITEC MEDICAL SA DE CV
LENALIDOMIDA. CÁPSULA CADA CÁPSULA CONTIENE: LENALIDOMIDA 10 MG ENVASE CON 21 CÁPSULAS,PROQUIMICA Y ALTA ESPECIALIDAD MEDICA SA DE CV
TIBOLONA. TABLETA CADA TABLETA CONTIENE: TIBOLONA 2.5 MG ENVASE CON 30 TABLETAS.,ALTERNAVIDA SA DE CV
CAPECITABINA. TABLETA. CADA TABLETA CONTIENE: CAPECITABINA 500 MG ENVASE CON 120 TABLETAS.,PROQUIMICA Y ALTA ESPECIALIDAD MEDICA SA DE CV
BISMUTO. SUSPENSIÓN ORAL CADA 100 ML CONTIENEN: SUBSALICILATO DE BISMUTO 1.750 G ENVASE CON 240 ML.,ILS INTEGRADORA LOGISTICA EN SALUD SA DE CV
BUTILHIOSCINA-METAMIZOL. SOLUCIÓN INYECTABLE CADA AMPOLLETA CONTIENE: N BUTILBROMURO DE HIOSCINA 20 MG METAMIZOL 2.5 G ENVASE CON 5 AMPOLLETAS DE 5 ML.,ILS INTEGRADORA LOGISTICA EN SALUD SA DE CV
ENOXAPARINA. SOLUCIÓN INYECTABLE CADA JERINGA CONTIENE ENOXAPARINA SÓDICA 60 MG ENVASE CON 30 JERINGAS DE 0.6 ML.,PROQUIMICA Y ALTA ESPECIALIDAD MEDICA SA DE CV
ACETILCISTEÍNA. SOLUCIÓN AL 20% CADA AMPOLLETA CONTIENE: ACETILCISTEÍNA 400 MG ENVASE CON 5 AMPOLLETAS CON 2 ML (200 MG/ML).,ILS INTEGRADORA LOGISTICA EN SALUD SA DE CV
TUBOS. ENDOTRAQUEALES SIN GLOBO. DE CLORURO DE POLIVINILO TRANSPARENTE GRADUADOS CON MARCA RADIOPACA ESTÉRILES Y DESECHABLES. DIÁMETRO INTERNO: 3.0 MM CALIBRE: 12 FR. PIEZA,SURTIDORA MEDICA DE OCCIDENTE SA DE CV
TUBOS. ENDOTRAQUEALES SIN GLOBO. DE CLORURO DE POLIVINILO TRANSPARENTE GRADUADOS CON MARCA RADIOPACA ESTÉRILES Y DESECHABLES. DIÁMETRO INTERNO: 4.5 MM CALIBRE: 18 FR. PIEZA,SURTIDORA MEDICA DE OCCIDENTE SA DE CV
CÁNULAS. DE PLÁSTICO TRANSPARENTE O TRANSLUCIDO. TIPO: GUEDEL/BERMAN. TAMAÑO: LONGITUD: 0 50 MM. PIEZA,SURTIDORA MEDICA DE OCCIDENTE SA DE CV
CANULAS OROFARINGEAS. DE PLASTICO TRANSPARENTE O TRANSLUCIDO. TIPO:GUEDEL/BERMAN. TAMAÑO: 1 LONGITUD: 60 MM. PIEZA.,SURTIDORA MEDICA DE OCCIDENTE SA DE CV
CÁNULAS OROFARÍNGEAS. DE PLÁSTICO TRANSPARENTE O TRANSLUCIDO. TIPO: GUEDEL/BERMAN. TAMAÑO: 3 LONGITUD: 80 MM. PIEZA,SURTIDORA MEDICA DE OCCIDENTE SA DE CV
CÁNULAS OROFARÍNGEAS. DE PLÁSTICO TRANSPARENTE O TRANSLUCIDO. TIPO: GUEDEL/BERMAN. TAMAÑO: 5 LONGITUD: 100 MM. PIEZA,SURTIDORA MEDICA DE OCCIDENTE SA DE CV
TUBOS. ENDOTRAQUEALES. DE PLÁSTICO GRADO MÉDICO CON MARCA RADIOPACA ESTÉRILES DESECHABLES CON GLOBO DE ALTO VOLUMEN Y BAJA PRESIÓN INCLUYE UNA VÁLVULA UN CONECTOR Y UNA ESCALA EN MM PARA DETERMINAR LA PROFUNDIDAD DE LA COLOCACIÓN DEL TUBO. CON ORIFICIO. TIPO: MURPHY. EMPAQUE INDIVIDUAL. DIÁMETRO INTERNO: 6.0 MM CALIBRE: 24 FR. PIEZA.,SURTIDORA MEDICA DE OCCIDENTE SA DE CV
TUBOS. ENDOTRAQUEALES. DE PLÁSTICO GRADO MÉDICO CON MARCA RADIOPACA ESTÉRILES DESECHABLES CON GLOBO DE ALTO VOLUMEN Y BAJA PRESIÓN INCLUYE UNA VÁLVULA UN CONECTOR Y UNA ESCALA EN MM PARA DETERMINAR LA PROFUNDIDAD DE LA COLOCACIÓN DEL TUBO. CON ORIFICIO. TIPO: MURPHY. EMPAQUE INDIVIDUAL. DIÁMETRO INTERNO: 6.5 MM CALIBRE: 26 FR. PIEZA.,SURTIDORA MEDICA DE OCCIDENTE SA DE CV
TUBOS. ENDOTRAQUEALES. DE PLÁSTICO GRADO MÉDICO CON MARCA RADIOPACA ESTÉRILES DESECHABLES CON GLOBO DE ALTO VOLUMEN Y BAJA PRESIÓN INCLUYE UNA VÁLVULA UN CONECTOR Y UNA ESCALA EN MM PARA DETERMINAR LA PROFUNDIDAD DE LA COLOCACIÓN DEL TUBO. CON ORIFICIO. TIPO: MURPHY. EMPAQUE INDIVIDUAL. DIÁMETRO INTERNO: 7.0 MM CALIBRE: 28 FR. PIEZA.,SURTIDORA MEDICA DE OCCIDENTE SA DE CV
TUBOS. ENDOTRAQUEALES. DE PLÁSTICO GRADO MÉDICO CON MARCA RADIOPACA ESTÉRILES DESECHABLES CON GLOBO DE ALTO VOLUMEN Y BAJA PRESIÓN INCLUYE UNA VÁLVULA UN CONECTOR Y UNA ESCALA EN MM PARA DETERMINAR LA PROFUNDIDAD DE LA COLOCACIÓN DEL TUBO. CON ORIFICIO. TIPO: MURPHY. EMPAQUE INDIVIDUAL. DIÁMETRO INTERNO: 7.5 MM CALIBRE: 30 FR. PIEZA.,SURTIDORA MEDICA DE OCCIDENTE SA DE CV
TUBOS. ENDOTRAQUEALES. DE PLÁSTICO GRADO MÉDICO CON MARCA RADIOPACA ESTÉRILES DESECHABLES CON GLOBO DE ALTO VOLUMEN Y BAJA PRESIÓN INCLUYE UNA VÁLVULA UN CONECTOR Y UNA ESCALA EN MM PARA DETERMINAR LA PROFUNDIDAD DE LA COLOCACIÓN DEL TUBO. CON ORIFICIO. TIPO: MURPHY. EMPAQUE INDIVIDUAL. DIÁMETRO INTERNO: 8.0 MM CALIBRE: 32 FR. PIEZA.,SURTIDORA MEDICA DE OCCIDENTE SA DE CV
TUBOS. ENDOTRAQUEALES. DE PLÁSTICO GRADO MÉDICO CON MARCA RADIOPACA ESTÉRILES DESECHABLES CON GLOBO DE ALTO VOLUMEN Y BAJA PRESIÓN INCLUYE UNA VÁLVULA UN CONECTOR Y UNA ESCALA EN MM PARA DETERMINAR LA PROFUNDIDAD DE LA COLOCACIÓN DEL TUBO. CON ORIFICIO. TIPO: MURPHY. EMPAQUE INDIVIDUAL. DIÁMETRO INTERNO: 9.0 MM CALIBRE: 36 FR. PIEZA.,SURTIDORA MEDICA DE OCCIDENTE SA DE CV
TUBOS. ENDOTRAQUEALES. DE PLÁSTICO GRADO MÉDICO CON MARCA RADIOPACA ESTÉRILES DESECHABLES CON GLOBO DE ALTO VOLUMEN Y BAJA PRESIÓN INCLUYE UNA VÁLVULA UN CONECTOR Y UNA ESCALA EN MM PARA DETERMINAR LA PROFUNDIDAD DE LA COLOCACIÓN DEL TUBO. CON ORIFICIO. TIPO: MURPHY. EMPAQUE INDIVIDUAL. DIÁMETRO INTERNO: 9.5 MM CALIBRE: 38 FR. PIEZA.,SURTIDORA MEDICA DE OCCIDENTE SA DE CV
CÁNULAS OROFARÍNGEAS. DE PLÁSTICO TRANSPARENTE O TRANSLUCIDO. TIPO: GUEDEL/BERMAN. TAMAÑO: 6 LONGITUD: 110 MM. PIEZA,SURTIDORA MEDICA DE OCCIDENTE SA DE CV
TUBOS. ENDOTRAQUEALES. DE PLÁSTICO GRADO MÉDICO CON MARCA RADIOPACA ESTÉRILES DESECHABLES CON GLOBO DE ALTO VOLUMEN Y BAJA PRESIÓN INCLUYE UNA VÁLVULA UN CONECTOR Y UNA ESCALA EN MM PARA DETERMINAR LA PROFUNDIDAD DE LA COLOCACIÓN DEL TUBO. CON ORIFICIO. TIPO: MURPHY. EMPAQUE INDIVIDUAL. DIÁMETRO INTERNO: 5.0 MM CALIBRE: 20 FR. PIEZA.,SURTIDORA MEDICA DE OCCIDENTE SA DE CV
TUBOS. ENDOTRAQUEALES DE PLÁSTICO GRADO MÉDICO TRANSPARENTE. CON GLOBO Y ESPIRAL DE ALAMBRE CON BALÓN Y CONECTOR RADIOPACO ESTÉRIL. LONGITUD: 32-36 CM CALIBRE: 34 FR. PIEZA.,SURTIDORA MEDICA DE OCCIDENTE SA DE CV
TUBOS. ENDOTRAQUEALES. DE PLÁSTICO GRADO MÉDICO CON MARCA RADIOPACA ESTÉRILES DESECHABLES CON GLOBO DE ALTO VOLUMEN Y BAJA PRESIÓN INCLUYE UNA VÁLVULA UN CONECTOR Y UNA ESCALA EN MM PARA DETERMINAR LA PROFUNDIDAD DE LA COLOCACIÓN DEL TUBO. CON ORIFICIO. TIPO: MURPHY. EMPAQUE INDIVIDUAL. DIÁMETRO INTERNO: 8.5 MM CALIBRE: 34 FR. PIEZA.,SURTIDORA MEDICA DE OCCIDENTE SA DE CV
TUBOS. ENDOTRAQUEALES DE PLÁSTICO GRADO MÉDICO TRANSPARENTE. CON GLOBO Y ESPIRAL DE ALAMBRE CON BALÓN Y CONECTOR RADIOPACO ESTÉRIL. LONGITUD: 32-36 CM CALIBRE: 36 FR. PIEZA.,SURTIDORA MEDICA DE OCCIDENTE SA DE CV
TUBOS. ENDOTRAQUEALES. DE PLASTICO GRADO MEDICO CON MARCA RADIOPACA ESTERILESDESECHABLES CON GLOBO DE ALTO VOLUMEN Y BAJA PRESION INCLUYE UNA VALVULA UNCONECTOR Y UNA ESCALA EN MM PARA DETERMINAR LA PROFUNDIDAD DE LA COLOCACION DELTUBO. CON ORIFICIO. TIPO: MURPHY. EMPAQUE INDIVIDUAL. DIAMETRO INTERNO: 10.0 MM.CALIBRE: 40 FR. PIEZA.,SURTIDORA MEDICA DE OCCIDENTE SA DE CV
TUBOS. ENDOTRAQUEALES DE PLÁSTICO GRADO MÉDICO TRANSPARENTE. CON GLOBO Y ESPIRAL DE ALAMBRE CON BALÓN Y CONECTOR RADIOPACO ESTÉRIL. LONGITUD: 32-36 CM CALIBRE: 32 FR. PIEZA.,SURTIDORA MEDICA DE OCCIDENTE SA DE CV
TUBOS. ENDOTRAQUEALES DE PLÁSTICO GRADO MÉDICO TRANSPARENTE. CON GLOBO Y ESPIRAL DE ALAMBRE CON BALÓN Y CONECTOR RADIOPACO ESTÉRIL. LONGITUD: 32-36 CM CALIBRE: 38 FR. PIEZA.,SURTIDORA MEDICA DE OCCIDENTE SA DE CV
TUBOS. ENDOTRAQUEALES SIN GLOBO. DE CLORURO DE POLIVINILO TRANSPARENTE GRADUADOSCON MARCA RADIOPACA ESTERILES Y DESECHABLES. DIAMETRO INTERNO: 5.5 MM CALIBRE:22 FR. PIEZA.,SURTIDORA MEDICA DE OCCIDENTE SA DE CV
SUTURAS. SEDA NEGRA TRENZADA CON AGUJA. LONGITUD DE LA HEBRA: 75 CM CALIBRE DE LA SUTURA: 3-0 CARACTERÍSTICAS DE LA AGUJA: 1/2 CÍRCULO AHUSADA (25-26 MM). ENVASE CON 12 PIEZAS.,SURTIDORA MEDICA DE OCCIDENTE SA DE CV
SUTURAS. SINTÉTICAS NO ABSORBIBLES MONOFILAMENTO DE POLIPROPILENO CON AGUJA. LONGITUD DE LA HEBRA: 90 CM CALIBRE DE LA SUTURA: 5-0 CARACTERÍSTICAS DE LA AGUJA: 1/2 CÍRCULO DOBLE ARMADO AHUSADA (15-17 MM) ENVASE CON 12 PIEZAS.,SURTIDORA MEDICA DE OCCIDENTE SA DE CV
TUBOS. ENDOTRAQUEALES SIN GLOBO. DE CLORURO DE POLIVINILO TRANSPARENTE GRADUADOSCON MARCA RADIOPACA ESTERILES Y DESECHABLES. DIAMETRO INTERNO: 6.0 MM CALIBRE:24 FR. PIEZA.,SURTIDORA MEDICA DE OCCIDENTE SA DE CV
TUBOS. ENDOTRAQUEALES SIN GLOBO. DE CLORURO DE POLIVINILO TRANSPARENTE GRADUADOS CON MARCA RADIOPACA ESTÉRILES Y DESECHABLES. DIÁMETRO INTERNO: 6.5 MM CALIBRE: 26 FR. PIEZA,SURTIDORA MEDICA DE OCCIDENTE SA DE CV
"GLUTARALDEHIDO AL 2% ACTIVADO, DE COLOR VERDE, LISTO PARA SU USO, CONEFECTIVIDAD DE 30 DIAS CON O SIN TIRAS REACTIVAS COMO TESTIGO DE CONCENTRACION,PARA VALIDAR SU EFECTIVIDAD. ENVASE CON 1 A 5 LITROS.",GRUPO FARMACEUTICO MDK SA DE CV
INMUNOGLOBULINA G NO MODIFICADA. SOLUCION INYECTABLE CADA FRASCO AMPULACONTIENE: INMUNOGLOBULINA G NO. MODIFICADA 5 G. ENVASE CON UN FRASCO AMPULA CON100 ML.,ALTERNAVIDA SA DE CV
FOSAPREPITANT. SOLUCIÓN INYECTABLE. CADA FRASCO ÁMPULA CON LIOFILIZADO CONTIENE: FOSAPREPITANT DE DIMEGLUMINA EQUIVALENTE A 150 MG DE FOSAPREPITANT. ENVASE CON UN FRASCO ÁMPULA.,MSN LIFE CARE SA DE CV
SUTURAS. SINTÉTICAS ABSORBIBLES POLÍMERO DE ÁCIDO GLICÓLICO TRENZADO CON AGUJA. LONGITUD DE LA HEBRA: 67 CM CALIBRE DE LA SUTURA: 3-0 CARACTERÍSTICAS DE LA AGUJA: 3/8 DE CÍRCULO REVERSO CORTANTE (24 MM).ENVASE CON 12 PIEZAS.,IMPULSORA DE MATERIAL HOSPITALARIO SA DE CV
SUTURAS. SINTÉTICAS ABSORBIBLES POLÍMERO DE ÁCIDO GLICÓLICO TRENZADO CON AGUJA. LONGITUD DE LA HEBRA: 67-70 CM CALIBRE DE LA SUTURA: 2-0 CARACTERÍSTICAS DE LA AGUJA: 1/2 CÍRCULO AHUSADA (35-37 MM). ENVASE CON 12 PIEZAS.,IMPULSORA DE MATERIAL HOSPITALARIO SA DE CV
SUTURAS. SEDA NEGRA TRENZADA CON AGUJA. LONGITUD DE LA HEBRA: 75 CM CALIBRE DE LA SUTURA: 2-0 CARACTERÍSTICAS DE LA AGUJA: 1/2 CÍRCULO AHUSADA (35-37 MM). ENVASE CON 12 PIEZAS.,SURTIDORA MEDICA DE OCCIDENTE SA DE CV
EQUIPOS. PARA VENOCLISIS. EN FORMA DE MARIPOSA (PEDIÁTRICO) DE PLÁSTICO. ESTÉRIL Y DESECHABLE. CONSTA DE: TUBO ADAPTADOR Y MARIPOSA. CALIBRE DE LA AGUJA: 23 G. EQUIPO.,HITEC MEDICAL SA DE CV
EQUIPOS. PARA VENOCLISIS. EN FORMA DE MARIPOSA (PEDIÁTRICO) DE PLÁSTICO. ESTÉRIL Y DESECHABLE. CONSTA DE: TUBO ADAPTADOR Y MARIPOSA. CALIBRE DE LA AGUJA: 21 G. EQUIPO.,HITEC MEDICAL SA DE CV
GUANTES. PARA CIRUGÍA. DE LÁTEX NATURAL ESTÉRILES Y DESECHABLES. TALLAS: 7 1/2 PAR.,HITEC MEDICAL SA DE CV
GUANTES. PARA CIRUGÍA. DE LÁTEX NATURAL ESTÉRILES Y DESECHABLES. TALLAS: 8 PAR.,HITEC MEDICAL SA DE CV
SONDAS. PARA DRENAJE URINARIO DE PERMANENCIA PROLONGADA. DE ELASTÓMERO DE SILICÓN CON GLOBO DE AUTORRETENCIÓN DE 5 ML. ESTÉRIL Y DESECHABLE. TIPO: FOLEY DE DOS VÍAS. CALIBRE: 18 FR. PIEZA.,SURTIDORA MEDICA DE OCCIDENTE SA DE CV
SONDAS. PARA DRENAJE URINARIO DE PERMANENCIA PROLONGADA. DE ELASTÓMERO DE SILICÓN CON GLOBO DE AUTORRETENCIÓN DE 5 ML. ESTÉRIL Y DESECHABLE. TIPO: FOLEY DE DOS VÍAS. CALIBRE: 16 FR. PIEZA.,SURTIDORA MEDICA DE OCCIDENTE SA DE CV
"MATERIALES DE CONSUMO PARA VENTILADORES. CIRCUITO PARA VENTILADOR, COMPLETO.
REUSABLE. TAMAÑO: NEONATAL. PIEZA.",HITEC MEDICAL SA DE CV
VACUNA RECOMBINANTE CONTRA LA HEPATITIS B. SUSPENSION INYECTABLE CADA DOSIS DE 1 ML CONTIENE: AGSHB 20 ΜG. ENVASE CON UN FRASCO AMPULA CON 10 ML (10 DOSIS).,LABORATORIOS DE BIOLOGICOS Y REACTIVOS DE MEXICO SA DE CV
VACUNA CONJUGADA NEUMOCOCICA 13-VALENTE. SUSPENSIÓN INYECTABLE CADA DOSIS DE 0.5 ML CONTIENE: SACÁRIDOS DE STREPTOCOCCUS PNEUMONIAE DE LOS SEROTIPOS. 1 2.2 ΜG. 3 2.2 ΜG. 4 2.2 ΜG. 5 2.2 ΜG. 6A 2.2 ΜG. 6B 4.4 ΜG. 7F 2.2 ΜG. 9V 2.2 ΜG. 14 2.2 ΜG. 18C 2.2 ΜG. 19A 2.2 ΜG. 19F 2.2 ΜG. 23F 2.2 ΜG. PROTEÍNA DIFTÉRICA. CRM197 32 ΜG. ENVASE CON 10 JERINGAS PRELLENADAS CADA UNA CON 0.5 ML (1 DOSIS) Y AGUJAS.,LABORATORIOS DE BIOLOGICOS Y REACTIVOS DE MEXICO SA DE CV
VACUNA ANTIPERTUSSIS CON TOXOIDES DIFTERICO Y TETANICO (DPT). SUSPENSION INYECTABLE * CADA DOSIS DE 0.5 ML CONTIENE: BORDETELLA PERTUSSIS NO MAS DE 16 UO TOXOIDE DIFTERICO NO MAS DE 30 LF TOXOIDE TETANICO NO MAS DE 25 LF O **CADA DOSIS DE 0.5 ML CONTIENE: BORDETELLA PERTUSSIS NO MENOS DE 4 UI TOXOIDES: TOXOIDE DIFTERICO METODO DE RETO : NO MENOS DE 30 UI METODO DE SERONEUTRALIZACION MINIMO 2 UI DE ANTITOXINA/ML DE SUERO. TOXOIDE: TOXOIDE TETANICO METODO DE RETO: NO MENOS DE 40 UI EN COBAYOS O NO MENOS DE 60 UI EN RATONES METODO DE SERONEUTRALIZACION: MINIMO 2 UI DE ANTITOXINA/ML DE SUERO. ENVASE CON FRASCO AMPULA DE 5 ML (10 DOSIS) *FORMULACION DE PROCESO **POTENCIA DE PRODUCTO TERMINADO,LABORATORIOS DE BIOLOGICOS Y REACTIVOS DE MEXICO SA DE CV
TOXOIDES TETANICO Y DIFTERICO(TD). SUSPENSION INYECTABLE POR FORMULACION DE PROCESO CADA DOSIS DE 0.5 ML CONTIENE: TOXOIDE DIFTERICO NO MAS DE 5 LF. TOXOIDE TETANICO NO MAS DE 25 LF. O POR POTENCIA DE PRODUCTO TERMINADO. CADA DOSIS DE 0.5 ML CONTIENE: TOXOIDES: TOXOIDE DIFTERICO. METODO DE RETO: NO MENOS DE 2 UI. METODO DE SERONEUTRALIZACION: MINIMO 0.5 UI DE ANTITOXINA/ML DE SUERO. TOXOIDES: TOXOIDE TETANICO. METODO DE RETO: NO MENOS DE 20 UI. METODO DE SERONEUTRALIZACION: MINIMO 2 UI DEANTITOXINA/ML DE SUERO. ENVASE CON FRASCO AMPULA CON 5 ML (10 DOSIS).,LABORATORIOS DE BIOLOGICOS Y REACTIVOS DE MEXICO SA DE CV
VACUNA ANTIHEPATITIS A. SUSPENSION INYECTABLE. CADA DOSIS DE 0.5 ML CONTIENE: ANTIGENO DEL VIRUS DE HEPATITIS A (INACTIVADO Y PURIFICADO) 25 U. ENVASE CON UN FRASCO AMPULA CON 0.5 ML.,LABORATORIOS DE BIOLOGICOS Y REACTIVOS DE MEXICO SA DE CV
VACUNA CONTRA ROTAVIRUS. SUSPENSION ORAL. CADA DOSIS DE 1.5 ML CONTIENE: ROTAVIRUS VIVO ATENUADO HUMANO CEPA RIX4414. NO MENOS DE 106 DICC50. ENVASE CON 50 TUBOS DE PLASTICO CON 1.5 ML.,LABORATORIOS DE BIOLOGICOS Y REACTIVOS DE MEXICO SA DE CV
